﻿PMID,Title,Authors,Citation,First Author,Journal/Book,Publication Year,Create Date,PMCID,NIHMS ID,DOI
"27315476","Modeling Development and Disease with Organoids","Clevers H.","Cell. 2016 Jun 16;165(7):1586-1597. doi: 10.1016/j.cell.2016.05.082.","Clevers H","Cell","2016","2016/06/18","","","10.1016/j.cell.2016.05.082"
"25035496","Organogenesis in a dish: modeling development and disease using organoid technologies","Lancaster MA, Knoblich JA.","Science. 2014 Jul 18;345(6194):1247125. doi: 10.1126/science.1247125. Epub 2014 Jul 17.","Lancaster MA","Science","2014","2014/07/19","","","10.1126/science.1247125"
"30228295","Progress and potential in organoid research","Rossi G, Manfrin A, Lutolf MP.","Nat Rev Genet. 2018 Nov;19(11):671-687. doi: 10.1038/s41576-018-0051-9.","Rossi G","Nat Rev Genet","2018","2018/09/20","","","10.1038/s41576-018-0051-9"
"30992274","Brain organoids: advances, applications and challenges","Qian X, Song H, Ming GL.","Development. 2019 Apr 16;146(8):dev166074. doi: 10.1242/dev.166074.","Qian X","Development","2019","2019/04/18","PMC6503989","","10.1242/dev.166074"
"31300517","Liver organoids: from basic research to therapeutic applications","Prior N, Inacio P, Huch M.","Gut. 2019 Dec;68(12):2228-2237. doi: 10.1136/gutjnl-2019-319256. Epub 2019 Jul 12.","Prior N","Gut","2019","2019/07/14","PMC6872443","","10.1136/gutjnl-2019-319256"
"31282586","Xenograft and organoid model systems in cancer research","Bleijs M, van de Wetering M, Clevers H, Drost J.","EMBO J. 2019 Aug 1;38(15):e101654. doi: 10.15252/embj.2019101654. Epub 2019 Jul 8.","Bleijs M","EMBO J","2019","2019/07/09","PMC6670015","","10.15252/embj.2019101654"
"29625057","Tumor Evolution and Drug Response in Patient-Derived Organoid Models of Bladder Cancer","Lee SH, Hu W, Matulay JT, Silva MV, Owczarek TB, Kim K, Chua CW, Barlow LJ, Kandoth C, Williams AB, Bergren SK, Pietzak EJ, Anderson CB, Benson MC, Coleman JA, Taylor BS, Abate-Shen C, McKiernan JM, Al-Ahmadie H, Solit DB, Shen MM.","Cell. 2018 Apr 5;173(2):515-528.e17. doi: 10.1016/j.cell.2018.03.017.","Lee SH","Cell","2018","2018/04/07","PMC5890941","NIHMS950569","10.1016/j.cell.2018.03.017"
"28341301","Disease Modeling in Stem Cell-Derived 3D Organoid Systems","Dutta D, Heo I, Clevers H.","Trends Mol Med. 2017 May;23(5):393-410. doi: 10.1016/j.molmed.2017.02.007. Epub 2017 Mar 21.","Dutta D","Trends Mol Med","2017","2017/03/26","","","10.1016/j.molmed.2017.02.007"
"30737492","Induced pluripotent stem cells in disease modelling and drug discovery","Rowe RG, Daley GQ.","Nat Rev Genet. 2019 Jul;20(7):377-388. doi: 10.1038/s41576-019-0100-z.","Rowe RG","Nat Rev Genet","2019","2019/02/10","PMC6584039","NIHMS1017230","10.1038/s41576-019-0100-z"
"32459504","A brief history of organoids","Corrò C, Novellasdemunt L, Li VSW.","Am J Physiol Cell Physiol. 2020 Jul 1;319(1):C151-C165. doi: 10.1152/ajpcell.00120.2020. Epub 2020 May 27.","Corrò C","Am J Physiol Cell Physiol","2020","2020/05/28","PMC7468890","","10.1152/ajpcell.00120.2020"
"23995685","Cerebral organoids model human brain development and microcephaly","Lancaster MA, Renner M, Martin CA, Wenzel D, Bicknell LS, Hurles ME, Homfray T, Penninger JM, Jackson AP, Knoblich JA.","Nature. 2013 Sep 19;501(7467):373-9. doi: 10.1038/nature12517. Epub 2013 Aug 28.","Lancaster MA","Nature","2013","2013/09/03","PMC3817409","EMS54265","10.1038/nature12517"
"32939089","Homeostatic mini-intestines through scaffold-guided organoid morphogenesis","Nikolaev M, Mitrofanova O, Broguiere N, Geraldo S, Dutta D, Tabata Y, Elci B, Brandenberg N, Kolotuev I, Gjorevski N, Clevers H, Lutolf MP.","Nature. 2020 Sep;585(7826):574-578. doi: 10.1038/s41586-020-2724-8. Epub 2020 Sep 16.","Nikolaev M","Nature","2020","2020/09/17","","","10.1038/s41586-020-2724-8"
"30651639","Human blood vessel organoids as a model of diabetic vasculopathy","Wimmer RA, Leopoldi A, Aichinger M, Wick N, Hantusch B, Novatchkova M, Taubenschmid J, Hämmerle M, Esk C, Bagley JA, Lindenhofer D, Chen G, Boehm M, Agu CA, Yang F, Fu B, Zuber J, Knoblich JA, Kerjaschki D, Penninger JM.","Nature. 2019 Jan;565(7740):505-510. doi: 10.1038/s41586-018-0858-8. Epub 2019 Jan 16.","Wimmer RA","Nature","2019","2019/01/18","PMC7116578","EMS82979","10.1038/s41586-018-0858-8"
"28878372","The use of brain organoids to investigate neural development and disease","Di Lullo E, Kriegstein AR.","Nat Rev Neurosci. 2017 Oct;18(10):573-584. doi: 10.1038/nrn.2017.107. Epub 2017 Sep 7.","Di Lullo E","Nat Rev Neurosci","2017","2017/09/08","PMC5667942","NIHMS910695","10.1038/nrn.2017.107"
"31155493","Modeling Steatohepatitis in Humans with Pluripotent Stem Cell-Derived Organoids","Ouchi R, Togo S, Kimura M, Shinozawa T, Koido M, Koike H, Thompson W, Karns RA, Mayhew CN, McGrath PS, McCauley HA, Zhang RR, Lewis K, Hakozaki S, Ferguson A, Saiki N, Yoneyama Y, Takeuchi I, Mabuchi Y, Akazawa C, Yoshikawa HY, Wells JM, Takebe T.","Cell Metab. 2019 Aug 6;30(2):374-384.e6. doi: 10.1016/j.cmet.2019.05.007. Epub 2019 May 30.","Ouchi R","Cell Metab","2019","2019/06/04","PMC6687537","NIHMS1528601","10.1016/j.cmet.2019.05.007"
"30487605","Trophoblast organoids as a model for maternal-fetal interactions during human placentation","Turco MY, Gardner L, Kay RG, Hamilton RS, Prater M, Hollinshead MS, McWhinnie A, Esposito L, Fernando R, Skelton H, Reimann F, Gribble FM, Sharkey A, Marsh SGE, O'Rahilly S, Hemberger M, Burton GJ, Moffett A.","Nature. 2018 Dec;564(7735):263-267. doi: 10.1038/s41586-018-0753-3. Epub 2018 Nov 28.","Turco MY","Nature","2018","2018/11/30","PMC7220805","EMS80369","10.1038/s41586-018-0753-3"
"31575677","Kidney organoids: accurate models or fortunate accidents","Little MH, Combes AN.","Genes Dev. 2019 Oct 1;33(19-20):1319-1345. doi: 10.1101/gad.329573.119.","Little MH","Genes Dev","2019","2019/10/03","PMC6771389","","10.1101/gad.329573.119"
"33238290","Progenitor identification and SARS-CoV-2 infection in human distal lung organoids","Salahudeen AA, Choi SS, Rustagi A, Zhu J, van Unen V, de la O SM, Flynn RA, Margalef-Català M, Santos AJM, Ju J, Batish A, Usui T, Zheng GXY, Edwards CE, Wagar LE, Luca V, Anchang B, Nagendran M, Nguyen K, Hart DJ, Terry JM, Belgrader P, Ziraldo SB, Mikkelsen TS, Harbury PB, Glenn JS, Garcia KC, Davis MM, Baric RS, Sabatti C, Amieva MR, Blish CA, Desai TJ, Kuo CJ.","Nature. 2020 Dec;588(7839):670-675. doi: 10.1038/s41586-020-3014-1. Epub 2020 Nov 25.","Salahudeen AA","Nature","2020","2020/11/25","PMC8003326","NIHMS1668595","10.1038/s41586-020-3014-1"
"33318650","Human mini-brain models","Tan HY, Cho H, Lee LP.","Nat Biomed Eng. 2021 Jan;5(1):11-25. doi: 10.1038/s41551-020-00643-3. Epub 2020 Dec 14.","Tan HY","Nat Biomed Eng","2021","2020/12/15","","","10.1038/s41551-020-00643-3"
"31554966","Modelling human hepato-biliary-pancreatic organogenesis from the foregut-midgut boundary","Koike H, Iwasawa K, Ouchi R, Maezawa M, Giesbrecht K, Saiki N, Ferguson A, Kimura M, Thompson WL, Wells JM, Zorn AM, Takebe T.","Nature. 2019 Oct;574(7776):112-116. doi: 10.1038/s41586-019-1598-0. Epub 2019 Sep 25.","Koike H","Nature","2019","2019/09/27","PMC7643931","NIHMS1537933","10.1038/s41586-019-1598-0"
"31555860","Intestinal organoids in infants and children","Chusilp S, Li B, Lee D, Lee C, Vejchapipat P, Pierro A.","Pediatr Surg Int. 2020 Jan;36(1):1-10. doi: 10.1007/s00383-019-04581-3. Epub 2019 Sep 25.","Chusilp S","Pediatr Surg Int","2020","2019/09/27","","","10.1007/s00383-019-04581-3"
"26911908","Organoids as an in vitro model of human development and disease","Fatehullah A, Tan SH, Barker N.","Nat Cell Biol. 2016 Mar;18(3):246-54. doi: 10.1038/ncb3312.","Fatehullah A","Nat Cell Biol","2016","2016/02/26","","","10.1038/ncb3312"
"28822354","3D brain Organoids derived from pluripotent stem cells: promising experimental models for brain development and neurodegenerative disorders","Lee CT, Bendriem RM, Wu WW, Shen RF.","J Biomed Sci. 2017 Aug 20;24(1):59. doi: 10.1186/s12929-017-0362-8.","Lee CT","J Biomed Sci","2017","2017/08/21","PMC5563385","","10.1186/s12929-017-0362-8"
"25363776","Modelling human development and disease in pluripotent stem-cell-derived gastric organoids","McCracken KW, Catá EM, Crawford CM, Sinagoga KL, Schumacher M, Rockich BE, Tsai YH, Mayhew CN, Spence JR, Zavros Y, Wells JM.","Nature. 2014 Dec 18;516(7531):400-4. doi: 10.1038/nature13863. Epub 2014 Oct 29.","McCracken KW","Nature","2014","2014/11/04","PMC4270898","NIHMS628382","10.1038/nature13863"
"26444236","Kidney organoids from human iPS cells contain multiple lineages and model human nephrogenesis","Takasato M, Er PX, Chiu HS, Maier B, Baillie GJ, Ferguson C, Parton RG, Wolvetang EJ, Roost MS, Chuva de Sousa Lopes SM, Little MH.","Nature. 2015 Oct 22;526(7574):564-8. doi: 10.1038/nature15695. Epub 2015 Oct 7.","Takasato M","Nature","2015","2015/10/08","","","10.1038/nature15695"
"31168795","Organoids are promising tools for species-specific in vitro toxicological studies","Augustyniak J, Bertero A, Coccini T, Baderna D, Buzanska L, Caloni F.","J Appl Toxicol. 2019 Dec;39(12):1610-1622. doi: 10.1002/jat.3815. Epub 2019 Jun 5.","Augustyniak J","J Appl Toxicol","2019","2019/06/07","","","10.1002/jat.3815"
"26501191","Ductal pancreatic cancer modeling and drug screening using human pluripotent stem cell- and patient-derived tumor organoids","Huang L, Holtzinger A, Jagan I, BeGora M, Lohse I, Ngai N, Nostro C, Wang R, Muthuswamy LB, Crawford HC, Arrowsmith C, Kalloger SE, Renouf DJ, Connor AA, Cleary S, Schaeffer DF, Roehrl M, Tsao MS, Gallinger S, Keller G, Muthuswamy SK.","Nat Med. 2015 Nov;21(11):1364-71. doi: 10.1038/nm.3973. Epub 2015 Oct 26.","Huang L","Nat Med","2015","2015/10/27","PMC4753163","NIHMS756484","10.1038/nm.3973"
"30567931","Reproducibility and staging of 3D human retinal organoids across multiple pluripotent stem cell lines","Capowski EE, Samimi K, Mayerl SJ, Phillips MJ, Pinilla I, Howden SE, Saha J, Jansen AD, Edwards KL, Jager LD, Barlow K, Valiauga R, Erlichman Z, Hagstrom A, Sinha D, Sluch VM, Chamling X, Zack DJ, Skala MC, Gamm DM.","Development. 2019 Jan 9;146(1):dev171686. doi: 10.1242/dev.171686.","Capowski EE","Development","2019","2018/12/21","PMC6340149","","10.1242/dev.171686"
"30209660","Brain Organoids: Expanding Our Understanding of Human Development and Disease","Chuye LB, Dimitri A, Desai A, Handelmann C, Bae Y, Johari P, Jornet JM, Klejbor I, Stachowiak MK, Stachowiak EK.","Results Probl Cell Differ. 2018;66:183-206. doi: 10.1007/978-3-319-93485-3_8.","Chuye LB","Results Probl Cell Differ","2018","2018/09/14","","","10.1007/978-3-319-93485-3_8"
"29561796","Disease Modeling Using 3D Organoids Derived from Human Induced Pluripotent Stem Cells","Ho BX, Pek NMQ, Soh BS.","Int J Mol Sci. 2018 Mar 21;19(4):936. doi: 10.3390/ijms19040936.","Ho BX","Int J Mol Sci","2018","2018/03/22","PMC5979503","","10.3390/ijms19040936"
"27364469","Organoids from adult liver and pancreas: Stem cell biology and biomedical utility","Hindley CJ, Cordero-Espinoza L, Huch M.","Dev Biol. 2016 Dec 15;420(2):251-261. doi: 10.1016/j.ydbio.2016.06.039. Epub 2016 Jun 27.","Hindley CJ","Dev Biol","2016","2016/07/02","","","10.1016/j.ydbio.2016.06.039"
"28757360","Fusion of Regionally Specified hPSC-Derived Organoids Models Human Brain Development and Interneuron Migration","Xiang Y, Tanaka Y, Patterson B, Kang YJ, Govindaiah G, Roselaar N, Cakir B, Kim KY, Lombroso AP, Hwang SM, Zhong M, Stanley EG, Elefanty AG, Naegele JR, Lee SH, Weissman SM, Park IH.","Cell Stem Cell. 2017 Sep 7;21(3):383-398.e7. doi: 10.1016/j.stem.2017.07.007. Epub 2017 Jul 27.","Xiang Y","Cell Stem Cell","2017","2017/08/01","PMC5720381","NIHMS893346","10.1016/j.stem.2017.07.007"
"32645551","Pluripotent stem cell models of early mammalian development","Baillie-Benson P, Moris N, Martinez Arias A.","Curr Opin Cell Biol. 2020 Oct;66:89-96. doi: 10.1016/j.ceb.2020.05.010. Epub 2020 Jul 6.","Baillie-Benson P","Curr Opin Cell Biol","2020","2020/07/10","","","10.1016/j.ceb.2020.05.010"
"30573816","Evaluation of variability in human kidney organoids","Phipson B, Er PX, Combes AN, Forbes TA, Howden SE, Zappia L, Yen HJ, Lawlor KT, Hale LJ, Sun J, Wolvetang E, Takasato M, Oshlack A, Little MH.","Nat Methods. 2019 Jan;16(1):79-87. doi: 10.1038/s41592-018-0253-2. Epub 2018 Dec 20.","Phipson B","Nat Methods","2019","2018/12/22","PMC6634992","NIHMS1034147","10.1038/s41592-018-0253-2"
"30799279","hESC-Derived Thalamic Organoids Form Reciprocal Projections When Fused with Cortical Organoids","Xiang Y, Tanaka Y, Cakir B, Patterson B, Kim KY, Sun P, Kang YJ, Zhong M, Liu X, Patra P, Lee SH, Weissman SM, Park IH.","Cell Stem Cell. 2019 Mar 7;24(3):487-497.e7. doi: 10.1016/j.stem.2018.12.015. Epub 2019 Feb 21.","Xiang Y","Cell Stem Cell","2019","2019/02/26","PMC6853597","NIHMS1517441","10.1016/j.stem.2018.12.015"
"26458176","Nephron organoids derived from human pluripotent stem cells model kidney development and injury","Morizane R, Lam AQ, Freedman BS, Kishi S, Valerius MT, Bonventre JV.","Nat Biotechnol. 2015 Nov;33(11):1193-200. doi: 10.1038/nbt.3392.","Morizane R","Nat Biotechnol","2015","2015/10/13","PMC4747858","NIHMS728267","10.1038/nbt.3392"
"23354049","In vitro expansion of single Lgr5+ liver stem cells induced by Wnt-driven regeneration","Huch M, Dorrell C, Boj SF, van Es JH, Li VS, van de Wetering M, Sato T, Hamer K, Sasaki N, Finegold MJ, Haft A, Vries RG, Grompe M, Clevers H.","Nature. 2013 Feb 14;494(7436):247-50. doi: 10.1038/nature11826. Epub 2013 Jan 27.","Huch M","Nature","2013","2013/01/29","PMC3634804","NIHMS451601","10.1038/nature11826"
"27306170","How iPS cells changed the world","Scudellari M.","Nature. 2016 Jun 16;534(7607):310-2. doi: 10.1038/534310a.","Scudellari M","Nature","2016","2016/06/17","","","10.1038/534310a"
"31034354","Human organoids: a new dimension in cell biology","Lehmann R, Lee CM, Shugart EC, Benedetti M, Charo RA, Gartner Z, Hogan B, Knoblich J, Nelson CM, Wilson KM.","Mol Biol Cell. 2019 May 1;30(10):1129-1137. doi: 10.1091/mbc.E19-03-0135.","Lehmann R","Mol Biol Cell","2019","2019/04/30","PMC6724519","","10.1091/mbc.E19-03-0135"
"27783065","The promises and challenges of human brain organoids as models of neuropsychiatric disease","Quadrato G, Brown J, Arlotta P.","Nat Med. 2016 Nov;22(11):1220-1228. doi: 10.1038/nm.4214. Epub 2016 Oct 26.","Quadrato G","Nat Med","2016","2016/11/08","","","10.1038/nm.4214"
"31332348","Modelling liver cancer initiation with organoids derived from directly reprogrammed human hepatocytes","Sun L, Wang Y, Cen J, Ma X, Cui L, Qiu Z, Zhang Z, Li H, Yang RZ, Wang C, Chen X, Wang L, Ye Y, Zhang H, Pan G, Kang JS, Ji Y, Zheng YW, Zheng S, Hui L.","Nat Cell Biol. 2019 Aug;21(8):1015-1026. doi: 10.1038/s41556-019-0359-5. Epub 2019 Jul 22.","Sun L","Nat Cell Biol","2019","2019/07/24","","","10.1038/s41556-019-0359-5"
"31282856","Identifying gene expression programs of cell-type identity and cellular activity with single-cell RNA-Seq","Kotliar D, Veres A, Nagy MA, Tabrizi S, Hodis E, Melton DA, Sabeti PC.","Elife. 2019 Jul 8;8:e43803. doi: 10.7554/eLife.43803.","Kotliar D","Elife","2019","2019/07/09","PMC6639075","","10.7554/eLife.43803"
"31739555","iPSCs-Based Neural 3D Systems: A Multidimensional Approach for Disease Modeling and Drug Discovery","Costamagna G, Andreoli L, Corti S, Faravelli I.","Cells. 2019 Nov 14;8(11):1438. doi: 10.3390/cells8111438.","Costamagna G","Cells","2019","2019/11/20","PMC6912470","","10.3390/cells8111438"
"32356715","[Lung organoids]","Bourguignon C, Vernisse C, Mianné J, Fieldès M, Ahmed E, Petit A, Vachier I, Bertrand TL, Assou S, Bourdin A, De Vos J.","Med Sci (Paris). 2020 Apr;36(4):382-388. doi: 10.1051/medsci/2020056. Epub 2020 May 1.","Bourguignon C","Med Sci (Paris)","2020","2020/05/02","","","10.1051/medsci/2020056"
"33273741","Generation of human striatal organoids and cortico-striatal assembloids from human pluripotent stem cells","Miura Y, Li MY, Birey F, Ikeda K, Revah O, Thete MV, Park JY, Puno A, Lee SH, Porteus MH, Pașca SP.","Nat Biotechnol. 2020 Dec;38(12):1421-1430. doi: 10.1038/s41587-020-00763-w. Epub 2020 Dec 3.","Miura Y","Nat Biotechnol","2020","2020/12/04","","","10.1038/s41587-020-00763-w"
"31940887","Progress of Induced Pluripotent Stem Cell Technologies to Understand Genetic Epilepsy","Sterlini B, Fruscione F, Baldassari S, Benfenati F, Zara F, Corradi A.","Int J Mol Sci. 2020 Jan 12;21(2):482. doi: 10.3390/ijms21020482.","Sterlini B","Int J Mol Sci","2020","2020/01/17","PMC7013950","","10.3390/ijms21020482"
"30936566","Specification of positional identity in forebrain organoids","Cederquist GY, Asciolla JJ, Tchieu J, Walsh RM, Cornacchia D, Resh MD, Studer L.","Nat Biotechnol. 2019 Apr;37(4):436-444. doi: 10.1038/s41587-019-0085-3. Epub 2019 Apr 1.","Cederquist GY","Nat Biotechnol","2019","2019/04/03","PMC6447454","NIHMS1522527","10.1038/s41587-019-0085-3"
"28344000","Long-Term Adult Feline Liver Organoid Cultures for Disease Modeling of Hepatic Steatosis","Kruitwagen HS, Oosterhoff LA, Vernooij IGWH, Schrall IM, van Wolferen ME, Bannink F, Roesch C, van Uden L, Molenaar MR, Helms JB, Grinwis GCM, Verstegen MMA, van der Laan LJW, Huch M, Geijsen N, Vries RG, Clevers H, Rothuizen J, Schotanus BA, Penning LC, Spee B.","Stem Cell Reports. 2017 Apr 11;8(4):822-830. doi: 10.1016/j.stemcr.2017.02.015. Epub 2017 Mar 23.","Kruitwagen HS","Stem Cell Reports","2017","2017/03/28","PMC5390114","","10.1016/j.stemcr.2017.02.015"
"30544711","From Neuronal Differentiation of iPSCs to 3D Neuro-Organoids: Modelling and Therapy of Neurodegenerative Diseases","Bordoni M, Rey F, Fantini V, Pansarasa O, Di Giulio AM, Carelli S, Cereda C.","Int J Mol Sci. 2018 Dec 10;19(12):3972. doi: 10.3390/ijms19123972.","Bordoni M","Int J Mol Sci","2018","2018/12/15","PMC6321164","","10.3390/ijms19123972"
"32807924","Somatic cell-derived organoids as prototypes of human epithelial tissues and diseases","Fujii M, Sato T.","Nat Mater. 2021 Feb;20(2):156-169. doi: 10.1038/s41563-020-0754-0. Epub 2020 Aug 17.","Fujii M","Nat Mater","2021","2020/08/19","","","10.1038/s41563-020-0754-0"
"32781038","Models for Immuno-oncology Research","","Cancer Cell. 2020 Aug 10;38(2):145-147. doi: 10.1016/j.ccell.2020.07.010.","","Cancer Cell","2020","2020/08/12","","","10.1016/j.ccell.2020.07.010"
"30992275","Biologically inspired approaches to enhance human organoid complexity","Holloway EM, Capeling MM, Spence JR.","Development. 2019 Apr 16;146(8):dev166173. doi: 10.1242/dev.166173.","Holloway EM","Development","2019","2019/04/18","PMC6503984","","10.1242/dev.166173"
"25326803","An in vivo model of human small intestine using pluripotent stem cells","Watson CL, Mahe MM, Múnera J, Howell JC, Sundaram N, Poling HM, Schweitzer JI, Vallance JE, Mayhew CN, Sun Y, Grabowski G, Finkbeiner SR, Spence JR, Shroyer NF, Wells JM, Helmrath MA.","Nat Med. 2014 Nov;20(11):1310-4. doi: 10.1038/nm.3737. Epub 2014 Oct 19.","Watson CL","Nat Med","2014","2014/10/20","PMC4408376","NIHMS679814","10.1038/nm.3737"
"32641977","Bioengineering tools to speed up the discovery and preclinical testing of vaccines for SARS-CoV-2 and therapeutic agents for COVID-19","Raimondi MT, Donnaloja F, Barzaghini B, Bocconi A, Conci C, Parodi V, Jacchetti E, Carelli S.","Theranostics. 2020 May 27;10(16):7034-7052. doi: 10.7150/thno.47406. eCollection 2020.","Raimondi MT","Theranostics","2020","2020/07/10","PMC7330866","","10.7150/thno.47406"
"32867371","iPSC-Derived Liver Organoids: A Journey from Drug Screening, to Disease Modeling, Arriving to Regenerative Medicine","Olgasi C, Cucci A, Follenzi A.","Int J Mol Sci. 2020 Aug 27;21(17):6215. doi: 10.3390/ijms21176215.","Olgasi C","Int J Mol Sci","2020","2020/09/02","PMC7503935","","10.3390/ijms21176215"
"29776965","Developmentally inspired human 'organs on chips'","Ingber DE.","Development. 2018 May 18;145(16):dev156125. doi: 10.1242/dev.156125.","Ingber DE","Development","2018","2018/05/20","PMC6124544","","10.1242/dev.156125"
"30169820","Potential Use of Human Stem Cell-Derived Intestinal Organoids to Study Inflammatory Bowel Diseases","Dotti I, Salas A.","Inflamm Bowel Dis. 2018 Nov 29;24(12):2501-2509. doi: 10.1093/ibd/izy275.","Dotti I","Inflamm Bowel Dis","2018","2018/09/01","PMC6262197","","10.1093/ibd/izy275"
"32531192","Modeling and Rescue of RP2 Retinitis Pigmentosa Using iPSC-Derived Retinal Organoids","Lane A, Jovanovic K, Shortall C, Ottaviani D, Panes AB, Schwarz N, Guarascio R, Hayes MJ, Palfi A, Chadderton N, Farrar GJ, Hardcastle AJ, Cheetham ME.","Stem Cell Reports. 2020 Jul 14;15(1):67-79. doi: 10.1016/j.stemcr.2020.05.007. Epub 2020 Jun 11.","Lane A","Stem Cell Reports","2020","2020/06/13","PMC7363745","","10.1016/j.stemcr.2020.05.007"
"30364840","IL22 Inhibits Epithelial Stem Cell Expansion in an Ileal Organoid Model","Zwarycz B, Gracz AD, Rivera KR, Williamson IA, Samsa LA, Starmer J, Daniele MA, Salter-Cid L, Zhao Q, Magness ST.","Cell Mol Gastroenterol Hepatol. 2018 Jul 4;7(1):1-17. doi: 10.1016/j.jcmgh.2018.06.008. eCollection 2019.","Zwarycz B","Cell Mol Gastroenterol Hepatol","2018","2018/10/27","PMC6199238","","10.1016/j.jcmgh.2018.06.008"
"28159716","Cellular self-assembly and biomaterials-based organoid models of development and diseases","Shah SB, Singh A.","Acta Biomater. 2017 Apr 15;53:29-45. doi: 10.1016/j.actbio.2017.01.075. Epub 2017 Jan 31.","Shah SB","Acta Biomater","2017","2017/02/05","","","10.1016/j.actbio.2017.01.075"
"27049876","2D and 3D Stem Cell Models of Primate Cortical Development Identify Species-Specific Differences in Progenitor Behavior Contributing to Brain Size","Otani T, Marchetto MC, Gage FH, Simons BD, Livesey FJ.","Cell Stem Cell. 2016 Apr 7;18(4):467-80. doi: 10.1016/j.stem.2016.03.003. Epub 2016 Mar 31.","Otani T","Cell Stem Cell","2016","2016/04/07","PMC4826446","","10.1016/j.stem.2016.03.003"
"24094317","Build-a-brain","Chambers SM, Tchieu J, Studer L.","Cell Stem Cell. 2013 Oct 3;13(4):377-8. doi: 10.1016/j.stem.2013.09.010.","Chambers SM","Cell Stem Cell","2013","2013/10/08","","","10.1016/j.stem.2013.09.010"
"29298292","Imaging organoids: a bright future ahead","Rios AC, Clevers H.","Nat Methods. 2018 Jan 3;15(1):24-26. doi: 10.1038/nmeth.4537.","Rios AC","Nat Methods","2018","2018/01/04","","","10.1038/nmeth.4537"
"32366044","Organoids of Human Endometrium: A Powerful In Vitro Model for the Endometrium-Embryo Cross-Talk at the Implantation Site","Luddi A, Pavone V, Semplici B, Governini L, Criscuoli M, Paccagnini E, Gentile M, Morgante G, Leo V, Belmonte G, Zarovni N, Piomboni P.","Cells. 2020 Apr 30;9(5):1121. doi: 10.3390/cells9051121.","Luddi A","Cells","2020","2020/05/06","PMC7291023","","10.3390/cells9051121"
"26493500","Modelling kidney disease with CRISPR-mutant kidney organoids derived from human pluripotent epiblast spheroids","Freedman BS, Brooks CR, Lam AQ, Fu H, Morizane R, Agrawal V, Saad AF, Li MK, Hughes MR, Werff RV, Peters DT, Lu J, Baccei A, Siedlecki AM, Valerius MT, Musunuru K, McNagny KM, Steinman TI, Zhou J, Lerou PH, Bonventre JV.","Nat Commun. 2015 Oct 23;6:8715. doi: 10.1038/ncomms9715.","Freedman BS","Nat Commun","2015","2015/10/24","PMC4620584","NIHMS726205","10.1038/ncomms9715"
"27570066","3D Culture Supports Long-Term Expansion of Mouse and Human Nephrogenic Progenitors","Li Z, Araoka T, Wu J, Liao HK, Li M, Lazo M, Zhou B, Sui Y, Wu MZ, Tamura I, Xia Y, Beyret E, Matsusaka T, Pastan I, Rodriguez Esteban C, Guillen I, Guillen P, Campistol JM, Izpisua Belmonte JC.","Cell Stem Cell. 2016 Oct 6;19(4):516-529. doi: 10.1016/j.stem.2016.07.016. Epub 2016 Aug 25.","Li Z","Cell Stem Cell","2016","2016/08/30","PMC7832086","NIHMS1655745","10.1016/j.stem.2016.07.016"
"32640120","Generation of Complete Multi-Cell Type Lung Organoids From Human Embryonic and Patient-Specific Induced Pluripotent Stem Cells for Infectious Disease Modeling and Therapeutics Validation","Leibel SL, McVicar RN, Winquist AM, Niles WD, Snyder EY.","Curr Protoc Stem Cell Biol. 2020 Sep;54(1):e118. doi: 10.1002/cpsc.118.","Leibel SL","Curr Protoc Stem Cell Biol","2020","2020/07/09","PMC7361156","","10.1002/cpsc.118"
"32023462","Cell Lineage Tracing Identifies Hormone-Regulated and Wnt-Responsive Vaginal Epithelial Stem Cells","Ali A, Syed SM, Jamaluddin MFB, Colino-Sanguino Y, Gallego-Ortega D, Tanwar PS.","Cell Rep. 2020 Feb 4;30(5):1463-1477.e7. doi: 10.1016/j.celrep.2020.01.003.","Ali A","Cell Rep","2020","2020/02/06","","","10.1016/j.celrep.2020.01.003"
"30872578","Organoid-derived C-Kit(+)/SSEA4(-) human retinal progenitor cells promote a protective retinal microenvironment during transplantation in rodents","Zou T, Gao L, Zeng Y, Li Q, Li Y, Chen S, Hu X, Chen X, Fu C, Xu H, Yin ZQ.","Nat Commun. 2019 Mar 14;10(1):1205. doi: 10.1038/s41467-019-08961-0.","Zou T","Nat Commun","2019","2019/03/16","PMC6418223","","10.1038/s41467-019-08961-0"
"31613879","Dissecting the dynamics of signaling events in the BMP, WNT, and NODAL cascade during self-organized fate patterning in human gastruloids","Chhabra S, Liu L, Goh R, Kong X, Warmflash A.","PLoS Biol. 2019 Oct 15;17(10):e3000498. doi: 10.1371/journal.pbio.3000498. eCollection 2019 Oct.","Chhabra S","PLoS Biol","2019","2019/10/16","PMC6814242","","10.1371/journal.pbio.3000498"
"31580050","Cerebral Organoid Models for Neurotropic Viruses","Antonucci J, Gehrke L.","ACS Infect Dis. 2019 Dec 13;5(12):1976-1979. doi: 10.1021/acsinfecdis.9b00339. Epub 2019 Oct 3.","Antonucci J","ACS Infect Dis","2019","2019/10/04","PMC7058373","NIHMS1559238","10.1021/acsinfecdis.9b00339"
"33317153","Current and Future Perspectives of the Use of Organoids in Radiobiology","Nagle PW, Coppes RP.","Cells. 2020 Dec 9;9(12):2649. doi: 10.3390/cells9122649.","Nagle PW","Cells","2020","2020/12/15","PMC7764598","","10.3390/cells9122649"
"31212027","Mini-gut: a promising model for drug development","Yin YB, de Jonge HR, Wu X, Yin YL.","Drug Discov Today. 2019 Sep;24(9):1784-1794. doi: 10.1016/j.drudis.2019.06.006. Epub 2019 Jun 15.","Yin YB","Drug Discov Today","2019","2019/06/19","","","10.1016/j.drudis.2019.06.006"
"30794801","Engineered materials to model human intestinal development and cancer using organoids","Cruz-Acuña R, García AJ.","Exp Cell Res. 2019 Apr 15;377(1-2):109-114. doi: 10.1016/j.yexcr.2019.02.017. Epub 2019 Feb 19.","Cruz-Acuña R","Exp Cell Res","2019","2019/02/23","PMC6408969","NIHMS1522359","10.1016/j.yexcr.2019.02.017"
"28174241","Development of a human cardiac organoid injury model reveals innate regenerative potential","Voges HK, Mills RJ, Elliott DA, Parton RG, Porrello ER, Hudson JE.","Development. 2017 Mar 15;144(6):1118-1127. doi: 10.1242/dev.143966. Epub 2017 Feb 7.","Voges HK","Development","2017","2017/02/09","","","10.1242/dev.143966"
"29691509","The ethics of experimenting with human brain tissue","Farahany NA, Greely HT, Hyman S, Koch C, Grady C, Pașca SP, Sestan N, Arlotta P, Bernat JL, Ting J, Lunshof JE, Iyer EPR, Hyun I, Capestany BH, Church GM, Huang H, Song H.","Nature. 2018 Apr;556(7702):429-432. doi: 10.1038/d41586-018-04813-x.","Farahany NA","Nature","2018","2018/04/26","PMC6010307","NIHMS972074","10.1038/d41586-018-04813-x"
"33427048","A systematic review on thyroid organoid models: time-trend and its achievements","Samimi H, Atlasi R, Parichehreh-Dizaji S, Khazaei S, Akhavan Rahnama M, Seifirad S, Haghpanah V.","Am J Physiol Endocrinol Metab. 2021 Mar 1;320(3):E581-E590. doi: 10.1152/ajpendo.00479.2020. Epub 2021 Jan 11.","Samimi H","Am J Physiol Endocrinol Metab","2021","2021/01/11","","","10.1152/ajpendo.00479.2020"
"30948332","What gastroenterologists and hepatologists should know about organoids in 2019","Günther C, Brevini T, Sampaziotis F, Neurath MF.","Dig Liver Dis. 2019 Jun;51(6):753-760. doi: 10.1016/j.dld.2019.02.020. Epub 2019 Apr 1.","Günther C","Dig Liver Dis","2019","2019/04/06","","","10.1016/j.dld.2019.02.020"
"32820712","Modelling Toxoplasma gondii infection in human cerebral organoids","Seo HH, Han HW, Lee SE, Hong SH, Cho SH, Kim SC, Koo SK, Kim JH.","Emerg Microbes Infect. 2020 Dec;9(1):1943-1954. doi: 10.1080/22221751.2020.1812435.","Seo HH","Emerg Microbes Infect","2020","2020/08/22","PMC7534270","","10.1080/22221751.2020.1812435"
"31628434","Human ESC-derived expandable hepatic organoids enable therapeutic liver repopulation and pathophysiological modeling of alcoholic liver injury","Wang S, Wang X, Tan Z, Su Y, Liu J, Chang M, Yan F, Chen J, Chen T, Li C, Hu J, Wang Y.","Cell Res. 2019 Dec;29(12):1009-1026. doi: 10.1038/s41422-019-0242-8. Epub 2019 Oct 18.","Wang S","Cell Res","2019","2019/10/20","PMC6951343","","10.1038/s41422-019-0242-8"
"33097094","Identification of AAV serotypes for lung gene therapy in human embryonic stem cell-derived lung organoids","Meyer-Berg H, Zhou Yang L, Pilar de Lucas M, Zambrano A, Hyde SC, Gill DR.","Stem Cell Res Ther. 2020 Oct 23;11(1):448. doi: 10.1186/s13287-020-01950-x.","Meyer-Berg H","Stem Cell Res Ther","2020","2020/10/24","PMC7582027","","10.1186/s13287-020-01950-x"
"32679063","Intestinal Stem Cell Niche Defects Result in Impaired 3D Organoid Formation in Mouse Models of Crohn's Disease-like Ileitis","Buttó LF, Pelletier A, More SK, Zhao N, Osme A, Hager CL, Ghannoum MA, Sekaly RP, Cominelli F, Dave M.","Stem Cell Reports. 2020 Aug 11;15(2):389-407. doi: 10.1016/j.stemcr.2020.06.017. Epub 2020 Jul 16.","Buttó LF","Stem Cell Reports","2020","2020/07/18","PMC7419719","","10.1016/j.stemcr.2020.06.017"
"28978412","Layilin is critical for mediating hyaluronan 35kDa-induced intestinal epithelial tight junction protein ZO-1 in vitro and in vivo","Kim Y, West GA, Ray G, Kessler SP, Petrey AC, Fiocchi C, McDonald C, Longworth MS, Nagy LE, de la Motte CA.","Matrix Biol. 2018 Mar;66:93-109. doi: 10.1016/j.matbio.2017.09.003. Epub 2017 Oct 1.","Kim Y","Matrix Biol","2018","2017/10/06","PMC5845474","NIHMS913159","10.1016/j.matbio.2017.09.003"
"32281976","Optimization of Renal Organoid and Organotypic Culture for Vascularization, Extended Development, and Improved Microscopy Imaging","Kaisto S, Saarela U, Dönges L, Raykhel I, Skovorodkin I, Vainio SJ.","J Vis Exp. 2020 Mar 28;(157). doi: 10.3791/60995.","Kaisto S","J Vis Exp","2020","2020/04/14","","","10.3791/60995"
"27633923","Human pluripotent stem cell-derived acinar/ductal organoids generate human pancreas upon orthotopic transplantation and allow disease modelling","Hohwieler M, Illing A, Hermann PC, Mayer T, Stockmann M, Perkhofer L, Eiseler T, Antony JS, Müller M, Renz S, Kuo CC, Lin Q, Sendler M, Breunig M, Kleiderman SM, Lechel A, Zenker M, Leichsenring M, Rosendahl J, Zenke M, Sainz B Jr, Mayerle J, Costa IG, Seufferlein T, Kormann M, Wagner M, Liebau S, Kleger A.","Gut. 2017 Mar;66(3):473-486. doi: 10.1136/gutjnl-2016-312423. Epub 2016 Sep 15.","Hohwieler M","Gut","2017","2016/09/17","PMC5534761","","10.1136/gutjnl-2016-312423"
"31977235","Brain Organoids: A Promising Living Biobank Resource for Neuroscience Research","Li S, Wang M, Zhou J.","Biopreserv Biobank. 2020 Apr;18(2):136-143. doi: 10.1089/bio.2019.0111. Epub 2020 Jan 24.","Li S","Biopreserv Biobank","2020","2020/01/25","","","10.1089/bio.2019.0111"
"30581078","Constructing and Deconstructing Cancers using Human Pluripotent Stem Cells and Organoids","Smith RC, Tabar V.","Cell Stem Cell. 2019 Jan 3;24(1):12-24. doi: 10.1016/j.stem.2018.11.012. Epub 2018 Dec 20.","Smith RC","Cell Stem Cell","2019","2018/12/25","PMC6516073","NIHMS1515335","10.1016/j.stem.2018.11.012"
"32168600","Mechanics of human brain organoids","Balbi V, Destrade M, Goriely A.","Phys Rev E. 2020 Feb;101(2-1):022403. doi: 10.1103/PhysRevE.101.022403.","Balbi V","Phys Rev E","2020","2020/03/15","","","10.1103/PhysRevE.101.022403"
"30536105","Mouse Model for Cholangiocarcinoma from Peribiliary Glands","Nakagawa H, Suzuki N, Koike K.","Methods Mol Biol. 2019;1905:237-245. doi: 10.1007/978-1-4939-8961-4_21.","Nakagawa H","Methods Mol Biol","2019","2018/12/12","","","10.1007/978-1-4939-8961-4_21"
"31217239","Human Cytomegalovirus Compromises Development of Cerebral Organoids","Brown RM, Rana PSJB, Jaeger HK, O'Dowd JM, Balemba OB, Fortunato EA.","J Virol. 2019 Aug 13;93(17):e00957-19. doi: 10.1128/JVI.00957-19. Print 2019 Sep 1.","Brown RM","J Virol","2019","2019/06/21","PMC6694831","","10.1128/JVI.00957-19"
"32130728","Control and design of biosystems","Morishita Y, Kitajima T, Tagami S, Takasato M, Tanaka Y.","Dev Growth Differ. 2020 Apr;62(3):149. doi: 10.1111/dgd.12658. Epub 2020 Mar 18.","Morishita Y","Dev Growth Differ","2020","2020/03/05","","","10.1111/dgd.12658"
"27521455","Gastrointestinal organoids: How they gut it out","Merker SR, Weitz J, Stange DE.","Dev Biol. 2016 Dec 15;420(2):239-250. doi: 10.1016/j.ydbio.2016.08.010. Epub 2016 Aug 10.","Merker SR","Dev Biol","2016","2016/08/14","","","10.1016/j.ydbio.2016.08.010"
"31863336","Liver Buds and Liver Organoids: New Tools for Liver Development, Disease and Medical Application","Zeng F, Zhang Y, Han X, Weng J, Gao Y.","Stem Cell Rev Rep. 2019 Dec;15(6):774-784. doi: 10.1007/s12015-019-09909-z.","Zeng F","Stem Cell Rev Rep","2019","2019/12/22","","","10.1007/s12015-019-09909-z"
"28292846","Dissecting the stem cell niche with organoid models: an engineering-based approach","Murrow LM, Weber RJ, Gartner ZJ.","Development. 2017 Mar 15;144(6):998-1007. doi: 10.1242/dev.140905.","Murrow LM","Development","2017","2017/03/16","PMC5358107","","10.1242/dev.140905"
"31696780","Spleen Organoid Units Generate Functional Human and Mouse Tissue-Engineered Spleen in a Murine Model","Gee K, Isani MA, Fode A, Maselli KM, Zuber SM, Fowler KL, Squillaro AI, Nucho LA, Grikscheit TC.","Tissue Eng Part A. 2020 Apr;26(7-8):411-418. doi: 10.1089/ten.TEA.2019.0178. Epub 2019 Dec 12.","Gee K","Tissue Eng Part A","2020","2019/11/08","","","10.1089/ten.TEA.2019.0178"
"29317608","Epigenetics and cerebral organoids: promising directions in autism spectrum disorders","Forsberg SL, Ilieva M, Maria Michel T.","Transl Psychiatry. 2018 Jan 10;8(1):14. doi: 10.1038/s41398-017-0062-x.","Forsberg SL","Transl Psychiatry","2018","2018/01/11","PMC5802583","","10.1038/s41398-017-0062-x"
"30117633","Compartmentalized Devices as Tools for Investigation of Human Brain Network Dynamics","Fantuzzo JA, Hart RP, Zahn JD, Pang ZP.","Dev Dyn. 2019 Jan;248(1):65-77. doi: 10.1002/dvdy.24665. Epub 2018 Sep 12.","Fantuzzo JA","Dev Dyn","2019","2018/08/18","PMC6312734","NIHMS986333","10.1002/dvdy.24665"
"31305527","Human Neural Organoids for Studying Brain Cancer and Neurodegenerative Diseases","Cosset E, Locatelli M, Marteyn A, Lescuyer P, Dall Antonia F, Mor FM, Preynat-Seauve O, Stoppini L, Tieng V.","J Vis Exp. 2019 Jun 28;(148). doi: 10.3791/59682.","Cosset E","J Vis Exp","2019","2019/07/16","","","10.3791/59682"
"29687599","Mass Spectrometry Imaging of 3D Tissue Models","Russo C, Lewis EEL, Flint L, Clench MR.","Proteomics. 2018 Jul;18(14):e1700462. doi: 10.1002/pmic.201700462. Epub 2018 May 28.","Russo C","Proteomics","2018","2018/04/25","","","10.1002/pmic.201700462"
"32932592","Development of Feline Ileum- and Colon-Derived Organoids and Their Potential Use to Support Feline Coronavirus Infection","Tekes G, Ehmann R, Boulant S, Stanifer ML.","Cells. 2020 Sep 12;9(9):2085. doi: 10.3390/cells9092085.","Tekes G","Cells","2020","2020/09/16","PMC7563363","","10.3390/cells9092085"
"32927777","Mesenchymal Stem Cells as a Promising Cell Source for Integration in Novel In Vitro Models","Afflerbach AK, Kiri MD, Detinis T, Maoz BM.","Biomolecules. 2020 Sep 10;10(9):1306. doi: 10.3390/biom10091306.","Afflerbach AK","Biomolecules","2020","2020/09/15","PMC7565384","","10.3390/biom10091306"
"31115320","[Organs-on-chips dedicated to oncology]","Molla A, Coll JL.","Med Sci (Paris). 2019 May;35(5):419-422. doi: 10.1051/medsci/2019085. Epub 2019 May 22.","Molla A","Med Sci (Paris)","2019","2019/05/23","","","10.1051/medsci/2019085"
"31748205","Use of hPSC-derived 3D organoids and mouse genetics to define the roles of YAP in the development of the esophagus","Bailey DD, Zhang Y, van Soldt BJ, Jiang M, Suresh S, Nakagawa H, Rustgi AK, Aceves SS, Cardoso WV, Que J.","Development. 2019 Dec 4;146(23):dev178855. doi: 10.1242/dev.178855.","Bailey DD","Development","2019","2019/11/22","PMC6918786","","10.1242/dev.178855"
"27287882","hPSC-derived lung and intestinal organoids as models of human fetal tissue","Aurora M, Spence JR.","Dev Biol. 2016 Dec 15;420(2):230-238. doi: 10.1016/j.ydbio.2016.06.006. Epub 2016 Jun 7.","Aurora M","Dev Biol","2016","2016/06/12","PMC5140713","NIHMS810381","10.1016/j.ydbio.2016.06.006"
"27364470","Reverse engineering liver buds through self-driven condensation and organization towards medical application","Shinozawa T, Yoshikawa HY, Takebe T.","Dev Biol. 2016 Dec 15;420(2):221-229. doi: 10.1016/j.ydbio.2016.06.036. Epub 2016 Jun 27.","Shinozawa T","Dev Biol","2016","2016/07/02","","","10.1016/j.ydbio.2016.06.036"
"24565179","Building additional complexity to in vitro-derived intestinal tissues","Brugmann SA, Wells JM.","Stem Cell Res Ther. 2013;4 Suppl 1(Suppl 1):S1. doi: 10.1186/scrt362. Epub 2013 Dec 20.","Brugmann SA","Stem Cell Res Ther","2013","2014/02/26","PMC4029141","","10.1186/scrt362"
"32732886","Collective cell mechanics of epithelial shells with organoid-like morphologies","Rozman J, Krajnc M, Ziherl P.","Nat Commun. 2020 Jul 30;11(1):3805. doi: 10.1038/s41467-020-17535-4.","Rozman J","Nat Commun","2020","2020/08/01","PMC7393134","","10.1038/s41467-020-17535-4"
"30692572","Differential anti-tumour effects of MTH1 inhibitors in patient-derived 3D colorectal cancer cultures","van der Waals LM, Laoukili J, Jongen JMJ, Raats DA, Borel Rinkes IHM, Kranenburg O.","Sci Rep. 2019 Jan 28;9(1):819. doi: 10.1038/s41598-018-37316-w.","van der Waals LM","Sci Rep","2019","2019/01/30","PMC6349914","","10.1038/s41598-018-37316-w"
"27713058","Organogenesis of adult lung in a dish: Differentiation, disease and therapy","Choi J, Iich E, Lee JH.","Dev Biol. 2016 Dec 15;420(2):278-286. doi: 10.1016/j.ydbio.2016.10.002. Epub 2016 Oct 3.","Choi J","Dev Biol","2016","2016/10/08","","","10.1016/j.ydbio.2016.10.002"
"28559439","Stem cells: the new ""model organism""","Drubin DG, Hyman AA.","Mol Biol Cell. 2017 Jun 1;28(11):1409-1411. doi: 10.1091/mbc.E17-03-0183.","Drubin DG","Mol Biol Cell","2017","2017/06/01","PMC5449140","","10.1091/mbc.E17-03-0183"
"32614314","[Retinal organoids as a new tool for understanding and treating retinal diseases]","Goureau O, Reichman S, Orieux G.","Med Sci (Paris). 2020 Jun-Jul;36(6-7):626-632. doi: 10.1051/medsci/2020098. Epub 2020 Jul 2.","Goureau O","Med Sci (Paris)","2020","2020/07/03","","","10.1051/medsci/2020098"
"29322407","Modelling Intestinal Carcinogenesis Using In Vitro Organoid Cultures","Jardé T, Kerr G, Akhtar R, Abud HE.","Methods Mol Biol. 2018;1725:41-52. doi: 10.1007/978-1-4939-7568-6_4.","Jardé T","Methods Mol Biol","2018","2018/01/12","","","10.1007/978-1-4939-7568-6_4"
"23203919","Concise review: the relevance of human stem cell-derived organoid models for epithelial translational medicine","Hynds RE, Giangreco A.","Stem Cells. 2013 Mar;31(3):417-22. doi: 10.1002/stem.1290.","Hynds RE","Stem Cells","2013","2012/12/04","PMC4171682","EMS60414","10.1002/stem.1290"
"32609556","An American Physiological Society cross-journal Call for Papers on ""Deconstructing Organs: Single-Cell Analyses, Decellularized Organs, Organoids, and Organ-on-a-Chip Models""","Adams JC, Bell PD, Bodine SC, Brooks HL, Bunnett N, Joe B, Keehan KH, Kleyman TR, Marette A, Morty RE, Ramírez JM, Thomsen MB, Yates BJ, Zucker IH.","Am J Physiol Lung Cell Mol Physiol. 2020 Aug 1;319(2):L266-L272. doi: 10.1152/ajplung.00311.2020. Epub 2020 Jul 1.","Adams JC","Am J Physiol Lung Cell Mol Physiol","2020","2020/07/02","PMC7473938","","10.1152/ajplung.00311.2020"
"29871632","Harnessing single-cell genomics to improve the physiological fidelity of organoid-derived cell types","Mead BE, Ordovas-Montanes J, Braun AP, Levy LE, Bhargava P, Szucs MJ, Ammendolia DA, MacMullan MA, Yin X, Hughes TK, Wadsworth MH 2nd, Ahmad R, Rakoff-Nahoum S, Carr SA, Langer R, Collins JJ, Shalek AK, Karp JM.","BMC Biol. 2018 Jun 5;16(1):62. doi: 10.1186/s12915-018-0527-2.","Mead BE","BMC Biol","2018","2018/06/07","PMC5989470","","10.1186/s12915-018-0527-2"
"26902749","Monocyte-induced recovery of inflammation-associated hepatocellular dysfunction in a biochip-based human liver model","Gröger M, Rennert K, Giszas B, Weiß E, Dinger J, Funke H, Kiehntopf M, Peters FT, Lupp A, Bauer M, Claus RA, Huber O, Mosig AS.","Sci Rep. 2016 Feb 23;6:21868. doi: 10.1038/srep21868.","Gröger M","Sci Rep","2016","2016/02/24","PMC4763209","","10.1038/srep21868"
"30477635","Theoretical tool bridging cell polarities with development of robust morphologies","Nissen SB, Rønhild S, Trusina A, Sneppen K.","Elife. 2018 Nov 27;7:e38407. doi: 10.7554/eLife.38407.","Nissen SB","Elife","2018","2018/11/28","PMC6286147","","10.7554/eLife.38407"
"28795726","A hollow fiber system for simple generation of human brain organoids","Zhu Y, Wang L, Yin F, Yu Y, Wang Y, Liu H, Wang H, Sun N, Liu H, Qin J.","Integr Biol (Camb). 2017 Sep 18;9(9):774-781. doi: 10.1039/c7ib00080d.","Zhu Y","Integr Biol (Camb)","2017","2017/08/11","","","10.1039/c7ib00080d"
"29361890","Modeling Neurodegenerative Microenvironment Using Cortical Organoids Derived from Human Stem Cells","Yan Y, Song L, Bejoy J, Zhao J, Kanekiyo T, Bu G, Zhou Y, Li Y.","Tissue Eng Part A. 2018 Jul;24(13-14):1125-1137. doi: 10.1089/ten.TEA.2017.0423. Epub 2018 Feb 27.","Yan Y","Tissue Eng Part A","2018","2018/01/25","PMC6033307","","10.1089/ten.TEA.2017.0423"
"32019175","Engineering Prostate Cancer from Induced Pluripotent Stem Cells-New Opportunities to Develop Preclinical Tools in Prostate and Prostate Cancer Studies","Hepburn AC, Sims CHC, Buskin A, Heer R.","Int J Mol Sci. 2020 Jan 30;21(3):905. doi: 10.3390/ijms21030905.","Hepburn AC","Int J Mol Sci","2020","2020/02/06","PMC7036761","","10.3390/ijms21030905"
"26666830","Organoids derived from digestive tract, liver, and pancreas","Xu AT, Tong JL, Ran ZH.","J Dig Dis. 2016 Jan;17(1):3-10. doi: 10.1111/1751-2980.12305.","Xu AT","J Dig Dis","2016","2015/12/16","","","10.1111/1751-2980.12305"
"30204191","Millifluidic culture improves human midbrain organoid vitality and differentiation","Berger E, Magliaro C, Paczia N, Monzel AS, Antony P, Linster CL, Bolognin S, Ahluwalia A, Schwamborn JC.","Lab Chip. 2018 Oct 9;18(20):3172-3183. doi: 10.1039/c8lc00206a.","Berger E","Lab Chip","2018","2018/09/12","","","10.1039/c8lc00206a"
"33283409","The epidermal growth factor receptor variant type III mutation frequently found in gliomas induces astrogenesis in human cerebral organoids","Kim HM, Lee SH, Lim J, Yoo J, Hwang DY.","Cell Prolif. 2021 Feb;54(2):e12965. doi: 10.1111/cpr.12965. Epub 2020 Dec 6.","Kim HM","Cell Prolif","2021","2020/12/07","PMC7848959","","10.1111/cpr.12965"
"28361322","In Vivo Model of Small Intestine","Mahe MM, Brown NE, Poling HM, Helmrath MA.","Methods Mol Biol. 2017;1597:229-245. doi: 10.1007/978-1-4939-6949-4_17.","Mahe MM","Methods Mol Biol","2017","2017/04/01","PMC5559894","NIHMS893000","10.1007/978-1-4939-6949-4_17"
"29774633","A simple and cost-efficient adherent culture platform for human gastric primary cells, as an in vitro model for Helicobacter pylori infection","Saberi S, Pournasr B, Farzaneh Z, Esmaeili M, Hosseini ME, Baharvand H, Mohammadi M.","Helicobacter. 2018 Aug;23(4):e12489. doi: 10.1111/hel.12489. Epub 2018 May 17.","Saberi S","Helicobacter","2018","2018/05/19","","","10.1111/hel.12489"
"29847666","Transplanted hESC-Derived Retina Organoid Sheets Differentiate, Integrate, and Improve Visual Function in Retinal Degenerate Rats","McLelland BT, Lin B, Mathur A, Aramant RB, Thomas BB, Nistor G, Keirstead HS, Seiler MJ.","Invest Ophthalmol Vis Sci. 2018 May 1;59(6):2586-2603. doi: 10.1167/iovs.17-23646.","McLelland BT","Invest Ophthalmol Vis Sci","2018","2018/05/31","PMC5968836","","10.1167/iovs.17-23646"
"32705654","Modeling Colorectal Cancer Progression Through Orthotopic Implantation of Organoids","de Sousa E Melo F, Harnoss JM, Kljavin N, Scott R, Sohn C, Leong KG, de Sauvage FJ.","Methods Mol Biol. 2020;2171:331-346. doi: 10.1007/978-1-0716-0747-3_23.","de Sousa E Melo F","Methods Mol Biol","2020","2020/07/25","","","10.1007/978-1-0716-0747-3_23"
"15378087","Self-renewal and solid tumor stem cells","Al-Hajj M, Clarke MF.","Oncogene. 2004 Sep 20;23(43):7274-82. doi: 10.1038/sj.onc.1207947.","Al-Hajj M","Oncogene","2004","2004/09/21","","","10.1038/sj.onc.1207947"
"27565022","A strategy for generating kidney organoids: Recapitulating the development in human pluripotent stem cells","Takasato M, Little MH.","Dev Biol. 2016 Dec 15;420(2):210-220. doi: 10.1016/j.ydbio.2016.08.024. Epub 2016 Aug 23.","Takasato M","Dev Biol","2016","2016/08/28","PMC6186756","NIHMS813654","10.1016/j.ydbio.2016.08.024"
"32916121","Androgen Maintains Intestinal Homeostasis by Inhibiting BMP Signaling via Intestinal Stromal Cells","Yu X, Li S, Xu Y, Zhang Y, Ma W, Liang C, Lu H, Ji Y, Liu C, Chen D, Li J.","Stem Cell Reports. 2020 Oct 13;15(4):912-925. doi: 10.1016/j.stemcr.2020.08.001. Epub 2020 Sep 10.","Yu X","Stem Cell Reports","2020","2020/09/11","PMC7561494","","10.1016/j.stemcr.2020.08.001"
"11852139","Of layers and spheres: the reaggregate approach in tissue engineering","Layer PG, Robitzki A, Rothermel A, Willbold E.","Trends Neurosci. 2002 Mar;25(3):131-4. doi: 10.1016/s0166-2236(00)02036-1.","Layer PG","Trends Neurosci","2002","2002/02/20","","","10.1016/s0166-2236(00)02036-1"
"33376253","Cell fate clusters in ICM organoids arise from cell fate heredity and division: a modelling approach","Liebisch T, Drusko A, Mathew B, Stelzer EHK, Fischer SC, Matthäus F.","Sci Rep. 2020 Dec 29;10(1):22405. doi: 10.1038/s41598-020-80141-3.","Liebisch T","Sci Rep","2020","2020/12/30","PMC7772343","","10.1038/s41598-020-80141-3"
"28557983","Organoids: a better in vitro model","Foley KE.","Nat Methods. 2017 May 30;14(6):559-562. doi: 10.1038/nmeth.4307.","Foley KE","Nat Methods","2017","2017/05/31","","","10.1038/nmeth.4307"
"28589925","Mesenchymal stem cells support growth and organization of host-liver colorectal-tumor organoids and possibly resistance to chemotherapy","Devarasetty M, Wang E, Soker S, Skardal A.","Biofabrication. 2017 Jun 7;9(2):021002. doi: 10.1088/1758-5090/aa7484.","Devarasetty M","Biofabrication","2017","2017/06/08","PMC7945991","NIHMS1063175","10.1088/1758-5090/aa7484"
"28873141","Organoids Reveal Clues to Gut-Brain Communication","Hampton T.","JAMA. 2017 Sep 5;318(9):787-788. doi: 10.1001/jama.2017.11545.","Hampton T","JAMA","2017","2017/09/06","","","10.1001/jama.2017.11545"
"24115427","Neuroscience. What are mini-brains?","Bae BI, Walsh CA.","Science. 2013 Oct 11;342(6155):200-1. doi: 10.1126/science.1245812.","Bae BI","Science","2013","2013/10/12","","","10.1126/science.1245812"
"28170183","Functional Human and Murine Tissue-Engineered Liver Is Generated from Adult Stem/Progenitor Cells","Mavila N, Trecartin A, Spurrier R, Xiao Y, Hou X, James D, Fu X, Truong B, Wang C, Lipshutz GS, Wang KS, Grikscheit TC.","Stem Cells Transl Med. 2017 Jan;6(1):238-248. doi: 10.5966/sctm.2016-0205. Epub 2016 Aug 30.","Mavila N","Stem Cells Transl Med","2017","2017/02/08","PMC5442734","","10.5966/sctm.2016-0205"
"29058117","Recapitulating cortical development with organoid culture in vitro and modeling abnormal spindle-like (ASPM related primary) microcephaly disease","Li R, Sun L, Fang A, Li P, Wu Q, Wang X.","Protein Cell. 2017 Nov;8(11):823-833. doi: 10.1007/s13238-017-0479-2. Epub 2017 Oct 23.","Li R","Protein Cell","2017","2017/10/24","PMC5676597","","10.1007/s13238-017-0479-2"
"28559289","Generating minicorneal organoids from human induced pluripotent stem cells","Susaimanickam PJ, Maddileti S, Pulimamidi VK, Boyinpally SR, Naik RR, Naik MN, Reddy GB, Sangwan VS, Mariappan I.","Development. 2017 Jul 1;144(13):2338-2351. doi: 10.1242/dev.143040. Epub 2017 May 30.","Susaimanickam PJ","Development","2017","2017/06/01","","","10.1242/dev.143040"
"22006574","A novel 3D liver organoid system for elucidation of hepatic glucose metabolism","Lu Y, Zhang G, Shen C, Uygun K, Yarmush ML, Meng Q.","Biotechnol Bioeng. 2012 Feb;109(2):595-604. doi: 10.1002/bit.23349. Epub 2011 Oct 19.","Lu Y","Biotechnol Bioeng","2012","2011/10/19","PMC3907714","NIHMS510898","10.1002/bit.23349"
"28614372","Intestinal organoids model human responses to infection by commensal and Shiga toxin producing Escherichia coli","Karve SS, Pradhan S, Ward DV, Weiss AA.","PLoS One. 2017 Jun 14;12(6):e0178966. doi: 10.1371/journal.pone.0178966. eCollection 2017.","Karve SS","PLoS One","2017","2017/06/15","PMC5470682","","10.1371/journal.pone.0178966"
"29959710","Bovine Mammary Organoids: A Model to Study Epithelial Mammary Cells","Martignani E, Accornero P, Miretti S, Baratta M.","Methods Mol Biol. 2018;1817:137-144. doi: 10.1007/978-1-4939-8600-2_14.","Martignani E","Methods Mol Biol","2018","2018/07/01","","","10.1007/978-1-4939-8600-2_14"
"27060462","Measurement of Rhodamine 123 in Three-Dimensional Organoids: A Novel Model for P-Glycoprotein Inhibitor Screening","Zhang Y, Zeng Z, Zhao J, Li D, Liu M, Wang X.","Basic Clin Pharmacol Toxicol. 2016 Oct;119(4):349-52. doi: 10.1111/bcpt.12596. Epub 2016 May 27.","Zhang Y","Basic Clin Pharmacol Toxicol","2016","2016/04/10","","","10.1111/bcpt.12596"
"26792522","Cell-cell communication enhances the capacity of cell ensembles to sense shallow gradients during morphogenesis","Ellison D, Mugler A, Brennan MD, Lee SH, Huebner RJ, Shamir ER, Woo LA, Kim J, Amar P, Nemenman I, Ewald AJ, Levchenko A.","Proc Natl Acad Sci U S A. 2016 Feb 9;113(6):E679-88. doi: 10.1073/pnas.1516503113. Epub 2016 Jan 20.","Ellison D","Proc Natl Acad Sci U S A","2016","2016/01/22","PMC4760786","","10.1073/pnas.1516503113"
"360979","Motility and chemotaxis of spirochetes","Canale-Parola E.","Annu Rev Microbiol. 1978;32:69-99. doi: 10.1146/annurev.mi.32.100178.000441.","Canale-Parola E","Annu Rev Microbiol","1978","1978/01/01","","","10.1146/annurev.mi.32.100178.000441"
"19772618","Y-27632 enhances differentiation of blastocyst like cystic human embryoid bodies to endocrinologically active trophoblast cells on a biomimetic platform","Sivasubramaiyan K, Totey S, Bhat V, Totey SM, Deb K.","J Biomed Sci. 2009 Sep 22;16(1):88. doi: 10.1186/1423-0127-16-88.","Sivasubramaiyan K","J Biomed Sci","2009","2009/09/24","PMC2754421","","10.1186/1423-0127-16-88"
"22344263","Mammary collective cell migration involves transient loss of epithelial features and individual cell migration within the epithelium","Ewald AJ, Huebner RJ, Palsdottir H, Lee JK, Perez MJ, Jorgens DM, Tauscher AN, Cheung KJ, Werb Z, Auer M.","J Cell Sci. 2012 Jun 1;125(Pt 11):2638-54. doi: 10.1242/jcs.096875. Epub 2012 Feb 17.","Ewald AJ","J Cell Sci","2012","2012/02/21","PMC3403234","","10.1242/jcs.096875"
"22761392","Stem cell-derived human intestinal organoids as an infection model for rotaviruses","Finkbeiner SR, Zeng XL, Utama B, Atmar RL, Shroyer NF, Estes MK.","mBio. 2012 Jul 3;3(4):e00159-12. doi: 10.1128/mBio.00159-12. Print 2012.","Finkbeiner SR","mBio","2012","2012/07/05","PMC3398537","","10.1128/mBio.00159-12"
"3512469","Cytophysiology of the adrenal cortex","Nussdorfer GG.","Int Rev Cytol. 1986;98:1-405.","Nussdorfer GG","Int Rev Cytol","1986","1986/01/01","","",""
"7033235","Cell division and the mitotic spindle","Inoué S.","J Cell Biol. 1981 Dec;91(3 Pt 2):131s-147s. doi: 10.1083/jcb.91.3.131s.","Inoué S","J Cell Biol","1981","1981/12/01","PMC2112807","","10.1083/jcb.91.3.131s"
"51851","Cyclic amp and cell morphology in cultured fibroblasts. Effects on cell shape, microfilament and microtubule distribution, and orientation to substratum","Willingham MC, Pastan I.","J Cell Biol. 1975 Oct;67(1):146-59. doi: 10.1083/jcb.67.1.146.","Willingham MC","J Cell Biol","1975","1975/10/01","PMC2109584","","10.1083/jcb.67.1.146"
"23995687","Developmental neuroscience: Miniature human brains","Brüstle O.","Nature. 2013 Sep 19;501(7467):319-20. doi: 10.1038/nature12552. Epub 2013 Aug 28.","Brüstle O","Nature","2013","2013/09/03","","","10.1038/nature12552"
"24074857","Cerebral organoids in a dish: progress and prospects","Bershteyn M, Kriegstein AR.","Cell. 2013 Sep 26;155(1):19-20. doi: 10.1016/j.cell.2013.09.010.","Bershteyn M","Cell","2013","2013/10/01","PMC5127703","NIHMS826923","10.1016/j.cell.2013.09.010"
"30459382","Lab-grown 'mini brains' produce electrical patterns that resemble those of premature babies","Reardon S.","Nature. 2018 Nov;563(7732):453. doi: 10.1038/d41586-018-07402-0.","Reardon S","Nature","2018","2018/11/22","","","10.1038/d41586-018-07402-0"
"3308906","Translocation and clustering of endosomes and lysosomes depends on microtubules","Matteoni R, Kreis TE.","J Cell Biol. 1987 Sep;105(3):1253-65. doi: 10.1083/jcb.105.3.1253.","Matteoni R","J Cell Biol","1987","1987/09/01","PMC2114818","","10.1083/jcb.105.3.1253"
"26866833","Searching for Classical Brown Fat in Humans: Development of a Novel Human Fetal Brown Stem Cell Model","Di Franco A, Guasti D, Squecco R, Mazzanti B, Rossi F, Idrizaj E, Gallego-Escuredo JM, Villarroya F, Bani D, Forti G, Vannelli GB, Luconi M.","Stem Cells. 2016 Jun;34(6):1679-91. doi: 10.1002/stem.2336. Epub 2016 Mar 2.","Di Franco A","Stem Cells","2016","2016/02/12","","","10.1002/stem.2336"
"26444235","Biological techniques: Kidney tissue grown from induced stem cells","Davies JA.","Nature. 2015 Oct 22;526(7574):512-3. doi: 10.1038/nature15639. Epub 2015 Oct 7.","Davies JA","Nature","2015","2015/10/08","","","10.1038/nature15639"
"7139254","The pathogenesis of transmissible spongiform encephalopathy: an ultrastructural study","Beck E, Daniel PM, Davey AJ, Gajdusek DC, Gibbs CJ Jr.","Brain. 1982 Dec;105 (Pt 4):755-86. doi: 10.1093/brain/105.4.755.","Beck E","Brain","1982","1982/12/01","","","10.1093/brain/105.4.755"
"177431","Characterization of cytoplasmic and nuclear genomes in the colorless alga Polytoma. I. Ultrastructural analysis of organelles","Siu C, Swift H, Chiang K.","J Cell Biol. 1976 May;69(2):352-70. doi: 10.1083/jcb.69.2.352.","Siu C","J Cell Biol","1976","1976/05/01","PMC2109689","","10.1083/jcb.69.2.352"
"24375826","Cerebral organoids model human brain development and microcephaly","Hattori N.","Mov Disord. 2014 Feb;29(2):185. doi: 10.1002/mds.25740. Epub 2013 Dec 27.","Hattori N","Mov Disord","2014","2013/12/31","","","10.1002/mds.25740"
"33627870","An organoid-based organ-repurposing approach to treat short bowel syndrome","Sugimoto S, Kobayashi E, Fujii M, Ohta Y, Arai K, Matano M, Ishikawa K, Miyamoto K, Toshimitsu K, Takahashi S, Nanki K, Hakamata Y, Kanai T, Sato T.","Nature. 2021 Apr;592(7852):99-104. doi: 10.1038/s41586-021-03247-2. Epub 2021 Feb 24.","Sugimoto S","Nature","2021","2021/02/25","","","10.1038/s41586-021-03247-2"
"1260542","Somatic nuclear division in the sporidia of Ustilago violacea. III. Ultrastructural observations","Poon NH, Day AW.","Can J Microbiol. 1976 Apr;22(4):495-506. doi: 10.1139/m76-076.","Poon NH","Can J Microbiol","1976","1976/04/01","","","10.1139/m76-076"
"805541","Electron microscopy of the placenta and related structures of the marmoset","Wynn RM, Richards SC, Harris JA.","Am J Obstet Gynecol. 1975 May 1;122(1):60-9. doi: 10.1016/0002-9378(75)90615-8.","Wynn RM","Am J Obstet Gynecol","1975","1975/05/01","","","10.1016/0002-9378(75)90615-8"
"7033246","The Golgi apparatus (complex)-(1954-1981)-from artifact to center stage","Farquhar MG, Palade GE.","J Cell Biol. 1981 Dec;91(3 Pt 2):77s-103s. doi: 10.1083/jcb.91.3.77s.","Farquhar MG","J Cell Biol","1981","1981/12/01","PMC2112780","","10.1083/jcb.91.3.77s"
"24367992","Modeling human brain development with cerebral organoids","Muzio L, Consalez GG.","Stem Cell Res Ther. 2013;4(6):154. doi: 10.1186/scrt384.","Muzio L","Stem Cell Res Ther","2013","2013/12/26","PMC4055082","","10.1186/scrt384"
"6219117","Fine structure of a periciliary ridge complex of frog retinal rod cells revealed by ultrahigh resolution scanning electron microscopy","Peters KR, Palade GE, Schneider BG, Papermaster DS.","J Cell Biol. 1983 Jan;96(1):265-76. doi: 10.1083/jcb.96.1.265.","Peters KR","J Cell Biol","1983","1983/01/01","PMC2112274","","10.1083/jcb.96.1.265"
"4052592","Heliobacterium and the origin of chrysoplasts","Margulis L, Obar R.","Biosystems. 1985;17(4):317-25. doi: 10.1016/0303-2647(85)90047-4.","Margulis L","Biosystems","1985","1985/01/01","","","10.1016/0303-2647(85)90047-4"
"760198","Common origin of pigment cells","Bagnara JT, Matsumoto J, Ferris W, Frost SK, Turner WA Jr, Tchen TT, Taylor JD.","Science. 1979 Feb 2;203(4379):410-5. doi: 10.1126/science.760198.","Bagnara JT","Science","1979","1979/02/02","","","10.1126/science.760198"
"1090631","Mitosis in the cellular slime mold Polysphondylium violaceum","Roos UP.","J Cell Biol. 1975 Feb;64(2):480-91. doi: 10.1083/jcb.64.2.480.","Roos UP","J Cell Biol","1975","1975/02/01","PMC2109490","","10.1083/jcb.64.2.480"
"29615533","Core Concept: Organoids have opened avenues into investigating numerous diseases. But how well do they mimic the real thing?","Shen H.","Proc Natl Acad Sci U S A. 2018 Apr 3;115(14):3507-3509. doi: 10.1073/pnas.1803647115.","Shen H","Proc Natl Acad Sci U S A","2018","2018/04/05","PMC5889692","","10.1073/pnas.1803647115"
"6299572","Recycling receptors: the round-trip itinerary of migrant membrane proteins","Brown MS, Anderson RG, Goldstein JL.","Cell. 1983 Mar;32(3):663-7. doi: 10.1016/0092-8674(83)90052-1.","Brown MS","Cell","1983","1983/03/01","","","10.1016/0092-8674(83)90052-1"
"24161970","Stem cells: The developing human brain--modeled in a dish","Pastrana E.","Nat Methods. 2013 Oct;10(10):929. doi: 10.1038/nmeth.2674.","Pastrana E","Nat Methods","2013","2013/10/29","","","10.1038/nmeth.2674"
"4218866","Ultrastructural studies of the dying-back process. II. The sequestration and removal by Schwann cells and oligodendrocytes of organelles from normal and diseases axons","Spencer PS, Thomas PK.","J Neurocytol. 1974 Dec;3(6):763-83. doi: 10.1007/BF01097197.","Spencer PS","J Neurocytol","1974","1974/12/01","","","10.1007/BF01097197"
"4617253","Ultrastructure and function of the spindle apparatus. Microtubules and chromosomes during nuclear division","Fuge H.","Protoplasma. 1974;82(4):289-320. doi: 10.1007/BF01275726.","Fuge H","Protoplasma","1974","1974/01/01","","","10.1007/BF01275726"
"27348469","Paneth Cell-Rich Regions Separated by a Cluster of Lgr5+ Cells Initiate Crypt Fission in the Intestinal Stem Cell Niche","Langlands AJ, Almet AA, Appleton PL, Newton IP, Osborne JM, Näthke IS.","PLoS Biol. 2016 Jun 27;14(6):e1002491. doi: 10.1371/journal.pbio.1002491. eCollection 2016 Jun.","Langlands AJ","PLoS Biol","2016","2016/06/28","PMC4922642","","10.1371/journal.pbio.1002491"
"6987244","Three-dimensional visualization of coated vesicle formation in fibroblasts","Heuser J.","J Cell Biol. 1980 Mar;84(3):560-83. doi: 10.1083/jcb.84.3.560.","Heuser J","J Cell Biol","1980","1980/03/01","PMC2110580","","10.1083/jcb.84.3.560"
"1118857","The role of the Golgi complex in the isolation and digestion of organelles","Locke M, Sykes AK.","Tissue Cell. 1975;7(1):143-58. doi: 10.1016/s0040-8166(75)80012-7.","Locke M","Tissue Cell","1975","1975/01/01","","","10.1016/s0040-8166(75)80012-7"
"818096","Microtubules and associated microfilaments in the tentacles of the suctorian Heliophrya erhardi Matthes","Hauser M, Van Eys H.","J Cell Sci. 1976 May;20(3):589-617.","Hauser M","J Cell Sci","1976","1976/05/01","","",""
"26481192","Developmental biology: Nephrogenesis in kidney organoids derived from human pluripotent stem cells","Allison SJ.","Nat Rev Nephrol. 2015 Dec;11(12):689. doi: 10.1038/nrneph.2015.170. Epub 2015 Oct 20.","Allison SJ","Nat Rev Nephrol","2015","2015/10/21","","","10.1038/nrneph.2015.170"
"26599624","Heterogeneous engineered cartilage growth results from gradients of media-supplemented active TGF-β and is ameliorated by the alternative supplementation of latent TGF-β","Albro MB, Nims RJ, Durney KM, Cigan AD, Shim JJ, Vunjak-Novakovic G, Hung CT, Ateshian GA.","Biomaterials. 2016 Jan;77:173-185. doi: 10.1016/j.biomaterials.2015.10.018. Epub 2015 Nov 18.","Albro MB","Biomaterials","2016","2015/11/25","PMC4968414","NIHMS798453","10.1016/j.biomaterials.2015.10.018"
"413253","The ultrastructure of ""brain death"". II. Electron microscopy of feline cortex after complete ischemia","Kalimo H, Garcia JH, Kamijyo Y, Tanaka J, Trump BF.","Virchows Arch B Cell Pathol. 1977 Nov 3;25(3):207-20.","Kalimo H","Virchows Arch B Cell Pathol","1977","1977/11/03","","",""
"127386","Dynamics of the contractile ring","Schroeder TE.","Soc Gen Physiol Ser. 1975;30:305-34.","Schroeder TE","Soc Gen Physiol Ser","1975","1975/01/01","","",""
"16301","Pigment epithelial ensheathment and phagocytosis of extrafoveal cones in human retina","Steinberg RH, Wood I, Hogan MJ.","Philos Trans R Soc Lond B Biol Sci. 1977 Mar 28;277(958):459-74. doi: 10.1098/rstb.1977.0028.","Steinberg RH","Philos Trans R Soc Lond B Biol Sci","1977","1977/03/28","","","10.1098/rstb.1977.0028"
"6971063","Ependymal astrocytes in the frog cerebellum","Korte GE, Rosenbluth J.","Anat Rec. 1981 Feb;199(2):267-79. doi: 10.1002/ar.1091990211.","Korte GE","Anat Rec","1981","1981/02/01","","","10.1002/ar.1091990211"
"308396","Stereological model system for free cells and base-line data for human peripheral blood-derived small T-lymphocytes","Petrzilka GE, Graf-de Beer M, Schroeder HE.","Cell Tissue Res. 1978 Aug 25;192(1):121-42. doi: 10.1007/BF00231028.","Petrzilka GE","Cell Tissue Res","1978","1978/08/25","","","10.1007/BF00231028"
"1260543","Somatic nuclear division in the sporidia of Ustilago violacea. IV. Microtubules and the spindle-pole body","Poon NH, Day AW.","Can J Microbiol. 1976 Apr;22(4):507-22. doi: 10.1139/m76-077.","Poon NH","Can J Microbiol","1976","1976/04/01","","","10.1139/m76-077"
"24026116","Stem cells: Small but beautiful","Welberg L.","Nat Rev Neurosci. 2013 Oct;14(10):665. doi: 10.1038/nrn3600. Epub 2013 Sep 12.","Welberg L","Nat Rev Neurosci","2013","2013/09/13","","","10.1038/nrn3600"
"500788","Three-dimensional structure of the central mitotic spindle of Diatoma vulgare","McIntosh JR, McDonald KL, Edwards MK, Ross BM.","J Cell Biol. 1979 Nov;83(2 Pt 1):428-42. doi: 10.1083/jcb.83.2.428.","McIntosh JR","J Cell Biol","1979","1979/11/01","PMC2111532","","10.1083/jcb.83.2.428"
"33530582","Gene Editing Correction of a Urea Cycle Defect in Organoid Stem Cell Derived Hepatocyte-like Cells","Zabulica M, Jakobsson T, Ravaioli F, Vosough M, Gramignoli R, Ellis E, Rooyackers O, Strom SC.","Int J Mol Sci. 2021 Jan 26;22(3):1217. doi: 10.3390/ijms22031217.","Zabulica M","Int J Mol Sci","2021","2021/02/03","PMC7865883","","10.3390/ijms22031217"
"821934","Organization of mesosomes in fixed and unfixed cells","Higgins ML, Tsien HC, Daneo-Moore L.","J Bacteriol. 1976 Sep;127(3):1519-23. doi: 10.1128/jb.127.3.1519-1523.1976.","Higgins ML","J Bacteriol","1976","1976/09/01","PMC232947","","10.1128/jb.127.3.1519-1523.1976"
"6309008","Murine globoid cell leukodystrophy (the twitcher mouse). The presence of characteristic inclusions in the kidney and lymph nodes","Takahashi H, Igisu H, Suzuki K, Suzuki K.","Am J Pathol. 1983 Aug;112(2):147-54.","Takahashi H","Am J Pathol","1983","1983/08/01","PMC1916262","",""
"129425","Biochemical and biophysical aspects of salt excretion by chloride cells in teleosts","Maetz J, Bornancin M.","Fortschr Zool. 1975;23(2-3):322-62.","Maetz J","Fortschr Zool","1975","1975/01/01","","",""
"3024469","Internalization of hormone receptor complexes: route and significance","Posner BI, Khan MN, Kay DG, Bergeron JJ.","Adv Exp Med Biol. 1986;205:185-201. doi: 10.1007/978-1-4684-5209-9_9.","Posner BI","Adv Exp Med Biol","1986","1986/01/01","","","10.1007/978-1-4684-5209-9_9"
"333482","Peroxisomes: new aspects of cell physiology and biochemistry","Masters C, Holmes R.","Physiol Rev. 1977 Oct;57(4):816-82. doi: 10.1152/physrev.1977.57.4.816.","Masters C","Physiol Rev","1977","1977/10/01","","","10.1152/physrev.1977.57.4.816"
"6857630","Tyrosine storage vacuoles in insect fat body","McDermid H, Locke M.","Tissue Cell. 1983;15(1):137-58. doi: 10.1016/0040-8166(83)90039-3.","McDermid H","Tissue Cell","1983","1983/01/01","","","10.1016/0040-8166(83)90039-3"
"789387","Studies on the mechanism of circus movement in dissociated embryonic cells of a teleost, Oryzias latipes: fine-structural observations","Fujinami N.","J Cell Sci. 1976 Oct;22(1):133-47.","Fujinami N","J Cell Sci","1976","1976/10/01","","",""
"1142742","Changes in the microvasculature of ischemic and infarcted myocardium","Armiger LC, Gavin JB.","Lab Invest. 1975 Jul;33(1):51-6.","Armiger LC","Lab Invest","1975","1975/07/01","","",""
"559095","Alcoholic cardiomyopathy in mice. Electron microscopic observations","Alexander CS, Sekhri KK, Nagasawa HT.","J Mol Cell Cardiol. 1977 Mar;9(3):247-54. doi: 10.1016/0022-2828(77)90033-5.","Alexander CS","J Mol Cell Cardiol","1977","1977/03/01","","","10.1016/0022-2828(77)90033-5"
"6177704","High voltage electron microscopy studies of axoplasmic transport in neurons: a possible regulatory role for divalent cations","Stearns ME.","J Cell Biol. 1982 Mar;92(3):765-76. doi: 10.1083/jcb.92.3.765.","Stearns ME","J Cell Biol","1982","1982/03/01","PMC2112054","","10.1083/jcb.92.3.765"
"941853","An electron microscopic study on the type I pneumocyte in the cat: differentiation","Mercurio AR, Rhodin JA.","Am J Anat. 1976 Jul;146(3):255-71. doi: 10.1002/aja.1001460304.","Mercurio AR","Am J Anat","1976","1976/07/01","","","10.1002/aja.1001460304"
"7299906","Phagocytosis and digestion of collagen by gingival fibroblasts in vivo: a study of serial sections","Melcher AH, Chan J.","J Ultrastruct Res. 1981 Oct;77(1):1-36. doi: 10.1016/s0022-5320(81)80064-0.","Melcher AH","J Ultrastruct Res","1981","1981/10/01","","","10.1016/s0022-5320(81)80064-0"
"6980709","Interdigitating cells and macrophages in the acute involuting rat thymus. An electron-microscopic study on phagocytic activity and population development","Duijvestijn AM, Köhler YG, Hoefsmit EC.","Cell Tissue Res. 1982;224(2):291-301. doi: 10.1007/BF00216874.","Duijvestijn AM","Cell Tissue Res","1982","1982/01/01","","","10.1007/BF00216874"
"6927767","The segregation of kinetoplast DNA networks in Trypanosoma brucei","Hoeijmakers JH, Weijers PJ.","Plasmid. 1980 Jul;4(1):97-116. doi: 10.1016/0147-619x(80)90086-4.","Hoeijmakers JH","Plasmid","1980","1980/07/01","","","10.1016/0147-619x(80)90086-4"
"418022","Extrusive organelles in protists","Hausmann K.","Int Rev Cytol. 1978;52:197-276. doi: 10.1016/s0074-7696(08)60757-3.","Hausmann K","Int Rev Cytol","1978","1978/01/01","","","10.1016/s0074-7696(08)60757-3"
"915980","Morphogenesis of membrane-bound bodies in belladonna (Atropa belladonna L.) plastids","Casadoro G, Rascio N.","J Ultrastruct Res. 1977 Nov;61(2):186-92. doi: 10.1016/s0022-5320(77)80085-3.","Casadoro G","J Ultrastruct Res","1977","1977/11/01","","","10.1016/s0022-5320(77)80085-3"
"816776","Nuclear and cell division in Bacillus subtilis: cell development from spore germination","Iterson WV, Aten JA.","J Bacteriol. 1976 Apr;126(1):384-99. doi: 10.1128/jb.126.1.384-399.1976.","Iterson WV","J Bacteriol","1976","1976/04/01","PMC233295","","10.1128/jb.126.1.384-399.1976"
"2987323","Aspects of intracellular transit of serum and lipid phases of milk","Keenan TW, Dylewski DP.","J Dairy Sci. 1985 Apr;68(4):1025-40. doi: 10.3168/jds.S0022-0302(85)80925-5.","Keenan TW","J Dairy Sci","1985","1985/04/01","","","10.3168/jds.S0022-0302(85)80925-5"
"348627","Ultrastructure of the mitotic spindle","Fuge H.","Int Rev Cytol Suppl. 1977;(6):1-58.","Fuge H","Int Rev Cytol Suppl","1977","1977/01/01","","",""
"1143094","Evans blue: an ideal energy-absorbing material to produce intravascular microinjury by HE-NE gas laser","Kovács IB, Tigyi-Sebes A, Trombitás K, Görög P.","Microvasc Res. 1975 Jul;10(1):107-24. doi: 10.1016/0026-2862(75)90025-4.","Kovács IB","Microvasc Res","1975","1975/07/01","","","10.1016/0026-2862(75)90025-4"
"7005008","[Problems with the morphometric-stereologic measurement of biomembranes]","Reith A, Mayhew TM.","Gegenbaurs Morphol Jahrb. 1980;126(2):206-15.","Reith A","Gegenbaurs Morphol Jahrb","1980","1980/01/01","","",""
"3837928","Control of reendothelialization: the importance of endothelial microfilaments, microtubules and centrosomes in endothelial locomotion","Wong MK, Gotlieb AI.","Surv Synth Pathol Res. 1985;4(5-6):341-56. doi: 10.1159/000156987.","Wong MK","Surv Synth Pathol Res","1985","1985/01/01","","","10.1159/000156987"
"6167835","Thick and thin serial sectioning for the three-dimensional reconstruction of biological ultrastructure","Rieder CL.","Methods Cell Biol. 1981;22:215-49. doi: 10.1016/s0091-679x(08)61879-8.","Rieder CL","Methods Cell Biol","1981","1981/01/01","","","10.1016/s0091-679x(08)61879-8"
"217247","Some current concepts of synaptic organization","Jones DG.","Adv Anat Embryol Cell Biol. 1978;55(4):3-69.","Jones DG","Adv Anat Embryol Cell Biol","1978","1978/01/01","","",""
"719729","Synapses of optic nerve afferents in the rat suprachiasmatic nucleus. I. Identification, qualitative description, development and distribution","Güldner FH.","Cell Tissue Res. 1978 Nov 9;194(1):17-35. doi: 10.1007/BF00209231.","Güldner FH","Cell Tissue Res","1978","1978/11/09","","","10.1007/BF00209231"
"177928","[Stereological analysis of the degranulation and the contraction of platelets. Application to the ultrastructural study of thrombin induced excretion in vitro]","Bryon PA, Lagarde M, Dechavanne M.","Pathol Biol (Paris). 1975 Dec;23 suppl:37-43.","Bryon PA","Pathol Biol (Paris)","1975","1975/12/01","","",""
"828330","The three-dimensional aspect of mammalian lung multilamellar bodies","Stratton CJ.","Tissue Cell. 1976;8(4):693-712. doi: 10.1016/0040-8166(76)90040-9.","Stratton CJ","Tissue Cell","1976","1976/01/01","","","10.1016/0040-8166(76)90040-9"
"7066974","Replication of basal bodies and ciliogenesis in a ciliated epithelium of the lamprey","Youson JH.","Cell Tissue Res. 1982;223(2):255-66. doi: 10.1007/BF01258487.","Youson JH","Cell Tissue Res","1982","1982/01/01","","","10.1007/BF01258487"
"6180521","Golgi complex beads in vertebrates and their relationship with clathrin coats","Brodie DA.","Tissue Cell. 1982;14(2):253-62. doi: 10.1016/0040-8166(82)90023-4.","Brodie DA","Tissue Cell","1982","1982/01/01","","","10.1016/0040-8166(82)90023-4"
"375096","Systemic candidiasis in mice treated with prednisolone and amphotericin B. 2. Ultrastructure and evidence for fungal toxin","Blyth W, Stewart GE.","Mycopathologia. 1978 Dec 29;66(1-2):51-7. doi: 10.1007/BF00429593.","Blyth W","Mycopathologia","1978","1978/12/29","","","10.1007/BF00429593"
"1220868","Microcycle conidiation in Penicillium urticae: an ultrastructural investigation of conidial germination and outgrowth","Sekiguchi J, Gaucher GM, Costerton JW.","Can J Microbiol. 1975 Dec;21(12):2059-68. doi: 10.1139/m75-295.","Sekiguchi J","Can J Microbiol","1975","1975/12/01","","","10.1139/m75-295"
"210601","[Fibrillary contractile structures--cell organelles of a nonmuscular nature]","Afanas'ev IuI, Nozdrin VI, Fedenko AN.","Usp Sovrem Biol. 1978 May-Jun;85(3):409-22.","Afanas'ev IuI","Usp Sovrem Biol","1978","1978/05/01","","",""
"7405634","Morphogenetic movements during the early development of the chick eye. An ultrastructural and spatial reconstructive study. B. Invagination of the optic vesicle and fusion of its walls","Schook P.","Acta Morphol Neerl Scand. 1980 Jun;18(23):159-80.","Schook P","Acta Morphol Neerl Scand","1980","1980/06/01","","",""
"194208","The alveolar lining film in experimental pulmonary collapse","Takov R, Boshnakova TZ, Marinov V.","Pathol Eur. 1976;11(4):265-70.","Takov R","Pathol Eur","1976","1976/01/01","","",""
"1097455","Fine structure of an organelle associated with the nucleus and cytoplasmic microtubules in the cellular slime mould Polysphondylium violaceum","Roos UP.","J Cell Sci. 1975 Jul;18(2):315-26.","Roos UP","J Cell Sci","1975","1975/07/01","","",""
"33852884","Human Pluripotent Stem Cell-Derived Intestinal Organoids Model SARS-CoV-2 Infection Revealing a Common Epithelial Inflammatory Response","Mithal A, Hume AJ, Lindstrom-Vautrin J, Villacorta-Martin C, Olejnik J, Bullitt E, Hinds A, Mühlberger E, Mostoslavsky G.","Stem Cell Reports. 2021 Apr 13;16(4):940-953. doi: 10.1016/j.stemcr.2021.02.019.","Mithal A","Stem Cell Reports","2021","2021/04/14","PMC8042780","","10.1016/j.stemcr.2021.02.019"
"163908","Ultrastructure of gliosomes in ependymal cells of the lizard","Donelli G, D'Uva V, Paoletti L.","J Ultrastruct Res. 1975 Feb;50(2):253-63. doi: 10.1016/s0022-5320(75)80055-4.","Donelli G","J Ultrastruct Res","1975","1975/02/01","","","10.1016/s0022-5320(75)80055-4"
"4616100","The morphology of murine foreign body multinucleate giant cells","Papadimitriou JM, Archer M.","J Ultrastruct Res. 1974 Dec;49(3):372-86. doi: 10.1016/s0022-5320(74)90051-3.","Papadimitriou JM","J Ultrastruct Res","1974","1974/12/01","","","10.1016/s0022-5320(74)90051-3"
"500789","Cross-sectional structure of the central mitotic spindle of Diatoma vulgare. Evidence for specific interactions between antiparallel microtubules","McDonald KL, Edwards MK, McIntosh JR.","J Cell Biol. 1979 Nov;83(2 Pt 1):443-61. doi: 10.1083/jcb.83.2.443.","McDonald KL","J Cell Biol","1979","1979/11/01","PMC2111535","","10.1083/jcb.83.2.443"
"3948238","Synaptic ribbon populations in the pineal gland of the rhesus monkey (Macaca mulatta)","McNulty JA, Fox L, Taylor D, Miller M, Takaoka Y.","Cell Tissue Res. 1986;243(2):353-7. doi: 10.1007/BF00251051.","McNulty JA","Cell Tissue Res","1986","1986/01/01","","","10.1007/BF00251051"
"90176","Electron microscopic stereological analysis of the normal human prostate and of benign prostatic hyperplasia","Bartsch G, Frick J, Rüegg I, Bucher M, Holliger O, Oberholzer M, Rohr HP.","J Urol. 1979 Oct;122(4):481-6. doi: 10.1016/s0022-5347(17)56475-7.","Bartsch G","J Urol","1979","1979/10/01","","","10.1016/s0022-5347(17)56475-7"
"932112","A three-dimensional reconstruction of the polygonal pattern on placental coated-vesicle membranes","Ockleford CD.","J Cell Sci. 1976 Jun;21(1):83-91.","Ockleford CD","J Cell Sci","1976","1976/06/01","","",""
"6124054","Find structural aspects of anthozoan desmocyte development (phylum Cnidaria)","Tidball JG.","Tissue Cell. 1982;14(1):85-96. doi: 10.1016/0040-8166(82)90009-x.","Tidball JG","Tissue Cell","1982","1982/01/01","","","10.1016/0040-8166(82)90009-x"
"6272568","New findings concerning the pathogenesis of acute carbon monoxide (CO) poisoning","Somogyi E, Balogh I, Rubányi G, Sótonyi P, Szegedi L.","Am J Forensic Med Pathol. 1981 Mar;2(1):31-9. doi: 10.1097/00000433-198103000-00006.","Somogyi E","Am J Forensic Med Pathol","1981","1981/03/01","","","10.1097/00000433-198103000-00006"
"75112","Hymenolepis microstoma: tegumentary disks","Conway-Jones PB, Rothman AH.","Exp Parasitol. 1978 Feb;44(1):108-15. doi: 10.1016/0014-4894(78)90086-3.","Conway-Jones PB","Exp Parasitol","1978","1978/02/01","","","10.1016/0014-4894(78)90086-3"
"805261","Melanosome formation in the goldfish: the role of multivesicular bodies","Turner WA, Taylor JD, Tchen TT.","J Ultrastruct Res. 1975 Apr;51(1):16-31. doi: 10.1016/s0022-5320(75)80004-9.","Turner WA","J Ultrastruct Res","1975","1975/04/01","","","10.1016/s0022-5320(75)80004-9"
"3828058","Maternal ethanol consumption: effect on skeletal muscle development in guinea pig offspring","Nyquist-Battie C, Uphoff C, Cole TB.","Alcohol. 1987 Jan-Feb;4(1):11-6. doi: 10.1016/0741-8329(87)90053-x.","Nyquist-Battie C","Alcohol","1987","1987/01/01","","","10.1016/0741-8329(87)90053-x"
"1191726","Bacterial membranes and the respiratory chain","Gel'man NS, Lukoyanova MA, Ostrovskii DN.","Biomembranes. 1975;6:1-261.","Gel'man NS","Biomembranes","1975","1975/01/01","","",""
"6470985","The ejectisomes of the flagellate Chilomonas paramecium: visualization by freeze-fracture and isolation techniques","Grim JN, Staehelin LA.","J Protozool. 1984 May;31(2):259-67. doi: 10.1111/j.1550-7408.1984.tb02957.x.","Grim JN","J Protozool","1984","1984/05/01","","","10.1111/j.1550-7408.1984.tb02957.x"
"1143097","The quantitative morphology of skeletal muscle capillaries in relation to permeability","Casley-Smith JR, Green HS, Harris JL, Wadey PJ.","Microvasc Res. 1975 Jul;10(1):43-64. doi: 10.1016/0026-2862(75)90019-9.","Casley-Smith JR","Microvasc Res","1975","1975/07/01","","","10.1016/0026-2862(75)90019-9"
"4138777","[Ultrastructural and cytochemical studies of bacteroid differentiation of Rhizobium trifolii Dangeard in the nodules of Trifolium repens L]","Gourret JP, Fernandez-Arias H.","Can J Microbiol. 1974 Aug;20(8):1169-81.","Gourret JP","Can J Microbiol","1974","1974/08/01","","",""
"2432995","Isolation of native Mauthner cell axoplasm and an analysis of organelle movement in non-aqueous and aqueous media","Koenig E.","Brain Res. 1986 Nov 29;398(2):288-97. doi: 10.1016/0006-8993(86)91488-5.","Koenig E","Brain Res","1986","1986/11/29","","","10.1016/0006-8993(86)91488-5"
"7399005","Effects of blood pressure reduction on the ultrastructure of the adrenal cortex of the spontaneously hypertensive rat","Frink R, Krupp PP, Root DT, Warshaw DM.","Exp Cell Biol. 1980;48(4):245-54. doi: 10.1159/000162992.","Frink R","Exp Cell Biol","1980","1980/01/01","","","10.1159/000162992"
"6393247","[Female germ cell development during the meiotic prophase in the rat: criteria for cytoplasmic and nuclear identification of the different stages on thin histological slides]","Bézard J, Mauléon P.","Reprod Nutr Dev. 1984;24(5A):633-54.","Bézard J","Reprod Nutr Dev","1984","1984/01/01","","",""
"2959160","Role of sympathetic nerves during developing cardiac hypertrophy in Grollman hypertensive rats","Tomanek RJ, Carlson DW, Palmer PJ, Bhatnagar RK.","Am J Physiol. 1987 Oct;253(4 Pt 2):H818-25. doi: 10.1152/ajpheart.1987.253.4.H818.","Tomanek RJ","Am J Physiol","1987","1987/10/01","","","10.1152/ajpheart.1987.253.4.H818"
"709609","A three-dimensional study of organelle interrelationships in regenerating rat liver. 2. Transient connections with luminal continuity between thin- and thick-membraned organelles","Jaeken L, Thines-Sempoux D.","Cell Biol Int Rep. 1978 Sep;2(5):515-24. doi: 10.1016/0309-1651(78)90104-2.","Jaeken L","Cell Biol Int Rep","1978","1978/09/01","","","10.1016/0309-1651(78)90104-2"
"3993973","Ultrastructural changes in neurons of the anterior subdivision of the rat hypothalamic ventromedial nucleus following repeated immobilization stress","Kiss A.","Anat Anz. 1985;158(2):125-34.","Kiss A","Anat Anz","1985","1985/01/01","","",""
"7431478","An ultrastructural study on floating lipids of rat liver and their response to ethanol administration","Shinoda T, Hayashi H.","J Ultrastruct Res. 1980 Sep;72(3):235-44. doi: 10.1016/s0022-5320(80)90061-1.","Shinoda T","J Ultrastruct Res","1980","1980/09/01","","","10.1016/s0022-5320(80)90061-1"
"4417831","A search for the circuitry of directional selectivity and neural adaptation through three-dimensional analysis of the outer plexiform layer of the rabbit retina","Sjöstrand FS.","J Ultrastruct Res. 1974 Oct;49(1):60-156. doi: 10.1016/s0022-5320(74)90078-1.","Sjöstrand FS","J Ultrastruct Res","1974","1974/10/01","","","10.1016/s0022-5320(74)90078-1"
"611724","[Comparative morphometric analysis of the vascular wall of juvenile and adult rats]","Riede UN, Staubesand J, Ziegler R.","Verh Anat Ges. 1977;(71 Pt 1):263-7.","Riede UN","Verh Anat Ges","1977","1977/01/01","","",""
"7412309","Considerations of the estimation of plasmodesmatal frequencies","Robins RJ, Juniper BE.","J Theor Biol. 1980 Apr 7;83(3):405-9. doi: 10.1016/0022-5193(80)90047-8.","Robins RJ","J Theor Biol","1980","1980/04/07","","","10.1016/0022-5193(80)90047-8"
"3000694","The cellular entry of EGF and transferrin: a problem in intracellular sorting","Pastan I, Hanover J, Willingham M.","Curr Top Cell Regul. 1985;26:17-25. doi: 10.1016/b978-0-12-152826-3.50009-7.","Pastan I","Curr Top Cell Regul","1985","1985/01/01","","","10.1016/b978-0-12-152826-3.50009-7"
"1220867","Microcycle conidiation in Penicillium urticae: an ultrastructural investigation of spherical spore growth","Sekiguchi J, Gaucher GM, Costerton JW.","Can J Microbiol. 1975 Dec;21(12):2048-58. doi: 10.1139/m75-294.","Sekiguchi J","Can J Microbiol","1975","1975/12/01","","","10.1139/m75-294"
"814247","Nuclear and cell division in Bacillus subtilis. A study of spread nucleoplasm","van Iterson W, Aten JA.","J Ultrastruct Res. 1976 Jan;54(1):135-47. doi: 10.1016/s0022-5320(76)80016-0.","van Iterson W","J Ultrastruct Res","1976","1976/01/01","","","10.1016/s0022-5320(76)80016-0"
"4140762","Ultrastructure of the neurosecretory system of the Colorado potato beetle, Leptinotarsa decemlineata (Say). I. Characterization of the protocerebral neurosecretory cells","Schooneveld H.","Cell Tissue Res. 1974;154(3):275-88. doi: 10.1007/BF00223726.","Schooneveld H","Cell Tissue Res","1974","1974/01/01","","","10.1007/BF00223726"
"6934196","Isolated parotid acinar cells from DL-isoproterenol-treated rats. A cellular model for cystic fibrosis","Mangos JA, Boyd RL, Bouchlas D, Farnham W.","J Dent Res. 1981 Jan;60(1):80-5. doi: 10.1177/00220345810600011601.","Mangos JA","J Dent Res","1981","1981/01/01","","","10.1177/00220345810600011601"
"1066487","A possible mode of formation of tubuloreticular structures","Chandra S, Stefani SS.","J Ultrastruct Res. 1976 Sep;56(3):304-11. doi: 10.1016/s0022-5320(76)90005-8.","Chandra S","J Ultrastruct Res","1976","1976/09/01","","","10.1016/s0022-5320(76)90005-8"
"944274","The spermatozoon of arthropoda. XXVII. Uncommon axoneme patterns in different species of the cecidomyid flies","Baccetti B, Dallai R.","J Ultrastruct Res. 1976 Apr;55(1):50-69. doi: 10.1016/s0022-5320(76)80081-0.","Baccetti B","J Ultrastruct Res","1976","1976/04/01","","","10.1016/s0022-5320(76)80081-0"
"1238267","The role of membranes in the ogranization of the mitotic apparatus","Harris P.","Exp Cell Res. 1975 Sep;94(2):409-25. doi: 10.1016/0014-4827(75)90507-8.","Harris P","Exp Cell Res","1975","1975/09/01","","","10.1016/0014-4827(75)90507-8"
"875397","Application of Quine's nullities to a quantitative organelle pathology","Moore GW, Riede UN, Sandritter W.","J Theor Biol. 1977 Apr 21;65(4):633-51. doi: 10.1016/0022-5193(77)90013-3.","Moore GW","J Theor Biol","1977","1977/04/21","","","10.1016/0022-5193(77)90013-3"
"3625089","Stereological method for unfolding size-shape distribution of spheroidal organelles from electron micrographs","Miyamoto K, Baba K.","J Electron Microsc (Tokyo). 1987;36(3):90-7.","Miyamoto K","J Electron Microsc (Tokyo)","1987","1987/01/01","","",""
"7449420","Structure of the gastrointestinal tract as it relates to nutrient movement","Sabesin SM.","Curr Concepts Nutr. 1980;9:3-27.","Sabesin SM","Curr Concepts Nutr","1980","1980/01/01","","",""
"1181376","Fine structure of mesosomes in Staphylococcus aureus as revealed by freeze-etching","Morioka H, Suganuma A, Yokota Y.","J Electron Microsc (Tokyo). 1975;24(1):7-12.","Morioka H","J Electron Microsc (Tokyo)","1975","1975/01/01","","",""
